country,country_code,date,daily_occupancy_icu,daily_occupancy_icu_per_1m,daily_occupancy_hosp,daily_occupancy_hosp_per_1m,weekly_admissions_icu,weekly_admissions_icu_per_1m,weekly_admissions_hosp,weekly_admissions_hosp_per_1m
Spain,ESP,2020-08-01,250.0,5.257,2083.0,43.799,,,,
Spain,ESP,2020-08-02,282.0,5.93,2325.0,48.887,,,,
Spain,ESP,2020-08-03,293.0,6.161,2370.0,49.833,,,,
Spain,ESP,2020-08-04,311.0,6.539,2405.0,50.569,,,,
Spain,ESP,2020-08-05,307.0,6.455,2514.0,52.861,,,,
Spain,ESP,2020-08-06,323.0,6.792,2756.0,57.95,,,,
Spain,ESP,2020-08-07,341.0,7.17,2659.0,55.91,267.0,5.614,2768.0,58.202
Spain,ESP,2020-08-08,340.0,7.149,2630.0,55.3,282.0,5.93,2830.0,59.505
Spain,ESP,2020-08-09,378.0,7.948,3084.0,64.846,279.0,5.866,2879.0,60.536
Spain,ESP,2020-08-10,370.0,7.78,2975.0,62.554,285.0,5.993,3033.0,63.774
Spain,ESP,2020-08-11,402.0,8.453,3054.0,64.215,301.0,6.329,3212.0,67.538
Spain,ESP,2020-08-12,415.0,8.726,3203.0,67.348,318.0,6.686,3339.0,70.208
Spain,ESP,2020-08-13,438.0,9.21,3319.0,69.788,325.0,6.834,3508.0,73.762
Spain,ESP,2020-08-14,455.0,9.567,3346.0,70.355,337.0,7.086,3690.0,77.588
Spain,ESP,2020-08-15,457.0,9.609,3409.0,71.68,346.0,7.275,3862.0,81.205
Spain,ESP,2020-08-16,494.0,10.387,3842.0,80.784,359.0,7.549,4002.0,84.149
Spain,ESP,2020-08-17,511.0,10.745,4190.0,88.102,378.0,7.948,4134.0,86.924
Spain,ESP,2020-08-18,531.0,11.165,4157.0,87.408,399.0,8.39,4296.0,90.331
Spain,ESP,2020-08-19,547.0,11.502,4292.0,90.246,422.0,8.873,4460.0,93.779
Spain,ESP,2020-08-20,572.0,12.027,4354.0,91.55,428.0,8.999,4610.0,96.933
Spain,ESP,2020-08-21,600.0,12.616,4340.0,91.256,441.0,9.273,4755.0,99.982
Spain,ESP,2020-08-22,610.0,12.826,4405.0,92.623,452.0,9.504,4892.0,102.863
Spain,ESP,2020-08-23,675.0,14.193,4964.0,104.376,484.0,10.177,4987.0,104.86
Spain,ESP,2020-08-24,703.0,14.782,5245.0,110.285,511.0,10.745,5185.0,109.023
Spain,ESP,2020-08-25,720.0,15.139,5431.0,114.196,505.0,10.618,5379.0,113.102
Spain,ESP,2020-08-26,737.0,15.497,5430.0,114.175,515.0,10.829,5485.0,115.331
Spain,ESP,2020-08-27,773.0,16.254,5753.0,120.966,521.0,10.955,5659.0,118.99
Spain,ESP,2020-08-28,812.0,17.074,5666.0,119.137,533.0,11.207,5847.0,122.943
Spain,ESP,2020-08-29,827.0,17.389,5725.0,120.378,549.0,11.544,6047.0,127.148
Spain,ESP,2020-08-30,866.0,18.209,6498.0,136.631,532.0,11.186,6122.0,128.725
Spain,ESP,2020-08-31,879.0,18.482,6300.0,132.468,534.0,11.228,6086.0,127.968
Spain,ESP,2020-09-01,916.0,19.26,6325.0,132.994,571.0,12.006,6131.0,128.915
Spain,ESP,2020-09-02,948.0,19.933,6404.0,134.655,581.0,12.216,6274.0,131.921
Spain,ESP,2020-09-03,979.0,20.585,6455.0,135.727,622.0,13.079,6339.0,133.288
Spain,ESP,2020-09-04,990.0,20.816,6374.0,134.024,619.0,13.016,6360.0,133.73
Spain,ESP,2020-09-05,1000.0,21.027,6532.0,137.346,616.0,12.952,6344.0,133.393
Spain,ESP,2020-09-06,1075.0,22.604,7146.0,150.257,636.0,13.373,6401.0,134.592
Spain,ESP,2020-09-07,1108.0,23.298,7218.0,151.771,646.0,13.583,6490.0,136.463
Spain,ESP,2020-09-08,1136.0,23.886,7344.0,154.42,639.0,13.436,6547.0,137.662
Spain,ESP,2020-09-09,1160.0,24.391,7461.0,156.88,641.0,13.478,6629.0,139.386
Spain,ESP,2020-09-10,1181.0,24.833,7500.0,157.7,624.0,13.121,6691.0,140.689
Spain,ESP,2020-09-11,1206.0,25.358,7476.0,157.195,650.0,13.667,6875.0,144.558
Spain,ESP,2020-09-12,1190.0,25.022,7641.0,160.665,664.0,13.962,7073.0,148.722
Spain,ESP,2020-09-13,1252.0,26.325,8484.0,178.39,671.0,14.109,7245.0,152.338
Spain,ESP,2020-09-14,1281.0,26.935,8698.0,182.89,680.0,14.298,7450.0,156.649
Spain,ESP,2020-09-15,1282.0,26.956,8573.0,180.262,685.0,14.403,7651.0,160.875
Spain,ESP,2020-09-16,1333.0,28.029,8825.0,185.56,707.0,14.866,7776.0,163.503
Spain,ESP,2020-09-17,1343.0,28.239,8736.0,183.689,704.0,14.803,7952.0,167.204
Spain,ESP,2020-09-18,1375.0,28.912,8651.0,181.902,699.0,14.698,8097.0,170.253
Spain,ESP,2020-09-19,1376.0,28.933,8783.0,184.677,706.0,14.845,8223.0,172.902
Spain,ESP,2020-09-20,1425.0,29.963,9680.0,203.538,721.0,15.16,8191.0,172.23
Spain,ESP,2020-09-21,1438.0,30.236,9454.0,198.786,714.0,15.013,8231.0,173.071
Spain,ESP,2020-09-22,1436.0,30.194,9357.0,196.747,725.0,15.244,8263.0,173.743
Spain,ESP,2020-09-23,1449.0,30.468,9657.0,203.055,711.0,14.95,8288.0,174.269
Spain,ESP,2020-09-24,1465.0,30.804,9578.0,201.394,735.0,15.455,8326.0,175.068
Spain,ESP,2020-09-25,1487.0,31.267,9217.0,193.803,759.0,15.959,8210.0,172.629
Spain,ESP,2020-09-26,1499.0,31.519,9310.0,195.758,776.0,16.317,8089.0,170.085
Spain,ESP,2020-09-27,1537.0,32.318,9730.0,204.59,758.0,15.938,8049.0,169.244
Spain,ESP,2020-09-28,1543.0,32.444,9470.0,199.123,779.0,16.38,7982.0,167.835
Spain,ESP,2020-09-29,1539.0,32.36,9223.0,193.929,767.0,16.127,7882.0,165.732
Spain,ESP,2020-09-30,1561.0,32.823,9279.0,195.107,793.0,16.674,7808.0,164.176
Spain,ESP,2020-10-01,1566.0,32.928,8821.0,185.476,788.0,16.569,7649.0,160.833
Spain,ESP,2020-10-02,1594.0,33.517,8954.0,188.273,767.0,16.127,7609.0,159.992
Spain,ESP,2020-10-03,1560.0,32.802,8662.0,182.133,741.0,15.581,7555.0,158.857
Spain,ESP,2020-10-04,1580.0,33.222,9310.0,195.758,732.0,15.392,7481.0,157.301
Spain,ESP,2020-10-05,1544.0,32.465,9150.0,192.394,701.0,14.74,7455.0,156.754
Spain,ESP,2020-10-06,1568.0,32.97,9034.0,189.955,702.0,14.761,7490.0,157.49
Spain,ESP,2020-10-07,1585.0,33.327,9036.0,189.997,687.0,14.445,7481.0,157.301
Spain,ESP,2020-10-08,1590.0,33.432,8939.0,187.957,695.0,14.614,7572.0,159.214
Spain,ESP,2020-10-09,1581.0,33.243,8543.0,179.631,684.0,14.382,7702.0,161.947
Spain,ESP,2020-10-10,1580.0,33.222,8626.0,181.376,675.0,14.193,7855.0,165.165
Spain,ESP,2020-10-11,1582.0,33.264,8815.0,185.35,683.0,14.361,8193.0,172.272
Spain,ESP,2020-10-12,1628.0,34.231,9797.0,205.998,690.0,14.508,8186.0,172.124
Spain,ESP,2020-10-13,1652.0,34.736,9987.0,209.993,710.0,14.929,8297.0,174.458
Spain,ESP,2020-10-14,1702.0,35.787,9977.0,209.783,738.0,15.518,8487.0,178.453
Spain,ESP,2020-10-15,1739.0,36.565,10103.0,212.433,751.0,15.791,8641.0,181.692
Spain,ESP,2020-10-16,1767.0,37.154,9805.0,206.167,811.0,17.053,8812.0,185.287
Spain,ESP,2020-10-17,1776.0,37.343,9853.0,207.176,878.0,18.461,8973.0,188.672
Spain,ESP,2020-10-18,1860.0,39.11,11087.0,233.123,918.0,19.302,9031.0,189.892
Spain,ESP,2020-10-19,1916.0,40.287,11403.0,239.767,983.0,20.669,9534.0,200.468
Spain,ESP,2020-10-20,1930.0,40.581,11681.0,245.613,1022.0,21.489,9920.0,208.585
Spain,ESP,2020-10-21,1979.0,41.612,12386.0,260.436,1044.0,21.952,10330.0,217.206
Spain,ESP,2020-10-22,2031.0,42.705,12507.0,262.981,1091.0,22.94,10834.0,227.803
Spain,ESP,2020-10-23,2116.0,44.492,12566.0,264.221,1118.0,23.508,11222.0,235.961
Spain,ESP,2020-10-24,2135.0,44.892,13301.0,279.676,1147.0,24.118,11633.0,244.603
Spain,ESP,2020-10-25,2210.0,46.469,14053.0,295.488,1183.0,24.875,11890.0,250.007
Spain,ESP,2020-10-26,2298.0,48.319,14428.0,303.373,1213.0,25.505,12248.0,257.535
Spain,ESP,2020-10-27,2368.0,49.791,14532.0,305.56,1265.0,26.599,12622.0,265.399
Spain,ESP,2020-10-28,2399.0,50.443,14953.0,314.412,1306.0,27.461,12994.0,273.221
Spain,ESP,2020-10-29,2482.0,52.188,15559.0,327.154,1348.0,28.344,13226.0,278.099
Spain,ESP,2020-10-30,2546.0,53.534,15002.0,315.442,1402.0,29.479,13562.0,285.164
Spain,ESP,2020-10-31,2563.0,53.891,15168.0,318.933,1459.0,30.678,13902.0,292.313
Spain,ESP,2020-11-01,2650.0,55.721,16396.0,344.753,1501.0,31.561,14225.0,299.104
Spain,ESP,2020-11-02,2764.0,58.118,17084.0,359.22,1532.0,32.213,14197.0,298.516
Spain,ESP,2020-11-03,2786.0,58.58,17330.0,364.392,1543.0,32.444,14354.0,301.817
Spain,ESP,2020-11-04,2802.0,58.917,17271.0,363.152,1556.0,32.718,14429.0,303.394
Spain,ESP,2020-11-05,2863.0,60.199,17174.0,361.112,1562.0,32.844,14355.0,301.838
Spain,ESP,2020-11-06,2932.0,61.65,16535.0,347.676,1559.0,32.781,14312.0,300.934
Spain,ESP,2020-11-07,2937.0,61.755,16683.0,350.788,1542.0,32.423,14201.0,298.6
Spain,ESP,2020-11-08,3048.0,64.089,18025.0,379.006,1534.0,32.255,14018.0,294.752
Spain,ESP,2020-11-09,3066.0,64.468,17767.0,373.581,1551.0,32.612,14134.0,297.191
Spain,ESP,2020-11-10,3093.0,65.036,17695.0,372.067,1555.0,32.696,14078.0,296.014
Spain,ESP,2020-11-11,3121.0,65.624,17212.0,361.911,1543.0,32.444,13866.0,291.556
Spain,ESP,2020-11-12,3125.0,65.708,16983.0,357.096,1530.0,32.171,13751.0,289.138
Spain,ESP,2020-11-13,3108.0,65.351,16204.0,340.716,1493.0,31.393,13496.0,283.776
Spain,ESP,2020-11-14,3110.0,65.393,16174.0,340.085,1483.0,31.183,13295.0,279.55
Spain,ESP,2020-11-15,3165.0,66.549,17125.0,360.082,1457.0,30.636,13033.0,274.041
Spain,ESP,2020-11-16,3127.0,65.75,16646.0,350.01,1404.0,29.521,12831.0,269.793
Spain,ESP,2020-11-17,3120.0,65.603,16133.0,339.223,1351.0,28.407,12422.0,261.193
Spain,ESP,2020-11-18,3127.0,65.75,15497.0,325.85,1318.0,27.713,11976.0,251.815
Spain,ESP,2020-11-19,3092.0,65.014,14706.0,309.218,1259.0,26.473,11574.0,243.363
Spain,ESP,2020-11-20,2961.0,62.26,13647.0,286.951,1208.0,25.4,11121.0,233.838
Spain,ESP,2020-11-21,2955.0,62.134,13778.0,289.706,1143.0,24.033,10683.0,224.628
Spain,ESP,2020-11-22,2925.0,61.503,14586.0,306.695,1102.0,23.171,10352.0,217.668
Spain,ESP,2020-11-23,2861.0,60.157,13669.0,287.414,1060.0,22.288,9858.0,207.281
Spain,ESP,2020-11-24,2838.0,59.674,12996.0,273.263,1051.0,22.099,9404.0,197.735
Spain,ESP,2020-11-25,2815.0,59.19,12356.0,259.806,1015.0,21.342,9115.0,191.658
Spain,ESP,2020-11-26,2774.0,58.328,11878.0,249.755,1008.0,21.195,8846.0,186.002
Spain,ESP,2020-11-27,2689.0,56.541,11121.0,233.838,970.0,20.396,8598.0,180.787
Spain,ESP,2020-11-28,2680.0,56.351,11155.0,234.553,931.0,19.576,8323.0,175.005
Spain,ESP,2020-11-29,2641.0,55.531,11801.0,248.136,913.0,19.197,8144.0,171.241
Spain,ESP,2020-11-30,2590.0,54.459,11576.0,243.405,880.0,18.503,7968.0,167.541
Spain,ESP,2020-12-01,2484.0,52.23,10967.0,230.6,810.0,17.032,7832.0,164.681
Spain,ESP,2020-12-02,2437.0,51.242,10521.0,221.222,796.0,16.737,7593.0,159.656
Spain,ESP,2020-12-03,2368.0,49.791,10050.0,211.318,760.0,15.98,7350.0,154.546
Spain,ESP,2020-12-04,2290.0,48.151,9275.0,195.022,730.0,15.349,7194.0,151.266
Spain,ESP,2020-12-05,2279.0,47.92,9272.0,194.959,702.0,14.761,7022.0,147.649
Spain,ESP,2020-12-06,2251.0,47.331,9582.0,201.478,667.0,14.025,6995.0,147.082
Spain,ESP,2020-12-07,2172.0,45.67,9417.0,198.008,634.0,13.331,6673.0,140.311
Spain,ESP,2020-12-08,2179.0,45.817,9874.0,207.617,640.0,13.457,6286.0,132.174
Spain,ESP,2020-12-09,2153.0,45.27,9623.0,202.34,633.0,13.31,6262.0,131.669
Spain,ESP,2020-12-10,2100.0,44.156,9471.0,199.144,627.0,13.184,6390.0,134.36
Spain,ESP,2020-12-11,2079.0,43.714,8974.0,188.693,635.0,13.352,6447.0,135.559
Spain,ESP,2020-12-12,2058.0,43.273,9003.0,189.303,636.0,13.373,6542.0,137.557
Spain,ESP,2020-12-13,2068.0,43.483,9687.0,203.685,620.0,13.037,6520.0,137.094
Spain,ESP,2020-12-14,2027.0,42.621,9599.0,201.835,648.0,13.625,6798.0,142.939
Spain,ESP,2020-12-15,1964.0,41.296,9378.0,197.188,636.0,13.373,7143.0,150.194
Spain,ESP,2020-12-16,1955.0,41.107,9299.0,195.527,636.0,13.373,7204.0,151.476
Spain,ESP,2020-12-17,1920.0,40.371,9304.0,195.632,640.0,13.457,7132.0,149.962
Spain,ESP,2020-12-18,1914.0,40.245,8860.0,186.296,665.0,13.983,7165.0,150.656
Spain,ESP,2020-12-19,1914.0,40.245,8915.0,187.453,696.0,14.635,7167.0,150.698
Spain,ESP,2020-12-20,1944.0,40.876,9651.0,202.928,722.0,15.181,7237.0,152.17
Spain,ESP,2020-12-21,1906.0,40.077,9594.0,201.73,728.0,15.307,7287.0,153.221
Spain,ESP,2020-12-22,1931.0,40.603,9396.0,197.567,764.0,16.064,7318.0,153.873
Spain,ESP,2020-12-23,1907.0,40.098,8837.0,185.813,755.0,15.875,7433.0,156.291
Spain,ESP,2020-12-24,1909.0,40.14,8838.0,185.834,757.0,15.917,7535.0,158.436
Spain,ESP,2020-12-25,1927.0,40.518,9204.0,193.53,758.0,15.938,7338.0,154.294
Spain,ESP,2020-12-26,1888.0,39.698,9078.0,190.88,755.0,15.875,7152.0,150.383
Spain,ESP,2020-12-27,2023.0,42.537,9934.0,208.879,791.0,16.632,7310.0,153.705
Spain,ESP,2020-12-28,2020.0,42.474,10128.0,212.958,805.0,16.926,7373.0,155.03
Spain,ESP,2020-12-29,2036.0,42.81,9922.0,208.627,807.0,16.969,7537.0,158.478
Spain,ESP,2020-12-30,2072.0,43.567,9477.0,199.27,819.0,17.221,7582.0,159.424
Spain,ESP,2020-12-31,2026.0,42.6,9491.0,199.564,824.0,17.326,7662.0,161.106
Spain,ESP,2021-01-01,2085.0,43.841,10032.0,210.94,846.0,17.789,7801.0,164.029
Spain,ESP,2021-01-02,2038.0,42.852,9941.0,209.026,869.0,18.272,7988.0,167.961
Spain,ESP,2021-01-03,2192.0,46.09,11262.0,236.802,913.0,19.197,8186.0,172.124
Spain,ESP,2021-01-04,2220.0,46.679,11624.0,244.414,967.0,20.333,8582.0,180.451
Spain,ESP,2021-01-05,2214.0,46.553,11611.0,244.141,1015.0,21.342,8883.0,186.78
Spain,ESP,2021-01-06,2307.0,48.509,12241.0,257.388,1051.0,22.099,9171.0,192.836
Spain,ESP,2021-01-07,2318.0,48.74,12636.0,265.693,1111.0,23.361,9735.0,204.695
Spain,ESP,2021-01-08,2334.0,49.076,12694.0,266.913,1125.0,23.655,10559.0,222.021
Spain,ESP,2021-01-09,2359.0,49.602,12841.0,270.004,1155.0,24.286,11272.0,237.013
Spain,ESP,2021-01-10,2537.0,53.345,14392.0,302.616,1176.0,24.727,11686.0,245.718
Spain,ESP,2021-01-11,2651.0,55.742,15139.0,318.323,1225.0,25.758,12217.0,256.883
Spain,ESP,2021-01-12,2746.0,57.739,15480.0,325.493,1289.0,27.103,12860.0,270.403
Spain,ESP,2021-01-13,2849.0,59.905,16077.0,338.046,1383.0,29.08,13822.0,290.631
Spain,ESP,2021-01-14,2953.0,62.092,16706.0,351.272,1477.0,31.056,14601.0,307.011
Spain,ESP,2021-01-15,3006.0,63.206,17131.0,360.208,1588.0,33.39,15423.0,324.294
Spain,ESP,2021-01-16,3039.0,63.9,17330.0,364.392,1683.0,35.388,16261.0,341.915
Spain,ESP,2021-01-17,3294.0,69.262,19955.0,419.587,1764.0,37.091,16946.0,356.318
Spain,ESP,2021-01-18,3425.0,72.016,20771.0,436.745,1844.0,38.773,17871.0,375.768
Spain,ESP,2021-01-19,3581.0,75.297,21645.0,455.122,1926.0,40.497,18933.0,398.098
Spain,ESP,2021-01-20,3732.0,78.472,22823.0,479.892,2031.0,42.705,19875.0,417.905
Spain,ESP,2021-01-21,3908.0,82.172,23527.0,494.695,2136.0,44.913,20676.0,434.748
Spain,ESP,2021-01-22,4048.0,85.116,23781.0,500.035,2222.0,46.721,21407.0,450.118
Spain,ESP,2021-01-23,4089.0,85.978,23946.0,503.505,2301.0,48.382,22107.0,464.837
Spain,ESP,2021-01-24,4284.0,90.078,26204.0,550.983,2289.0,48.13,22382.0,470.619
Spain,ESP,2021-01-25,4433.0,93.211,26387.0,554.831,2334.0,49.076,22669.0,476.654
Spain,ESP,2021-01-26,4515.0,94.935,26276.0,552.497,2327.0,48.929,22632.0,475.876
Spain,ESP,2021-01-27,4608.0,96.891,26104.0,548.88,2324.0,48.866,22391.0,470.808
Spain,ESP,2021-01-28,4727.0,99.393,26041.0,547.556,2315.0,48.677,22082.0,464.311
Spain,ESP,2021-01-29,4774.0,100.381,25291.0,531.786,2289.0,48.13,21743.0,457.183
Spain,ESP,2021-01-30,4784.0,100.592,25437.0,534.856,2276.0,47.857,21366.0,449.256
Spain,ESP,2021-01-31,4894.0,102.905,27029.0,568.33,2311.0,48.593,20974.0,441.014
Spain,ESP,2021-02-01,4853.0,102.042,26268.0,552.329,2246.0,47.226,20239.0,425.559
Spain,ESP,2021-02-02,4836.0,101.685,25425.0,534.603,2210.0,46.469,19633.0,412.817
Spain,ESP,2021-02-03,4843.0,101.832,24460.0,514.313,2139.0,44.976,18827.0,395.869
Spain,ESP,2021-02-04,4795.0,100.823,23798.0,500.393,2048.0,43.063,18198.0,382.643
Spain,ESP,2021-02-05,4762.0,100.129,22211.0,467.024,2019.0,42.453,17380.0,365.444
Spain,ESP,2021-02-06,4744.0,99.751,22163.0,466.014,1983.0,41.696,16616.0,349.379
Spain,ESP,2021-02-07,4732.0,99.498,22907.0,481.658,1916.0,40.287,15874.0,333.777
Spain,ESP,2021-02-08,4593.0,96.576,21514.0,452.368,1843.0,38.752,15259.0,320.846
Spain,ESP,2021-02-09,4558.0,95.84,20269.0,426.19,1788.0,37.596,14486.0,304.592
Spain,ESP,2021-02-10,4447.0,93.506,19069.0,400.958,1686.0,35.451,13803.0,290.231
Spain,ESP,2021-02-11,4351.0,91.487,17958.0,377.597,1605.0,33.748,12920.0,271.665
Spain,ESP,2021-02-12,4284.0,90.078,16436.0,345.594,1473.0,30.972,12222.0,256.988
Spain,ESP,2021-02-13,4274.0,89.868,16461.0,346.12,1341.0,28.197,11546.0,242.774
Spain,ESP,2021-02-14,4196.0,88.228,16766.0,352.533,1252.0,26.325,11032.0,231.966
Spain,ESP,2021-02-15,4053.0,85.221,15544.0,326.839,1220.0,25.653,10373.0,218.11
Spain,ESP,2021-02-16,3909.0,82.193,14413.0,303.057,1146.0,24.097,9747.0,204.947
Spain,ESP,2021-02-17,3840.0,80.742,13437.0,282.535,1132.0,23.802,9263.0,194.77
Spain,ESP,2021-02-18,3739.0,78.619,12575.0,264.41,1081.0,22.73,8833.0,185.729
Spain,ESP,2021-02-19,3630.0,76.327,11210.0,235.709,1050.0,22.078,8345.0,175.468
Spain,ESP,2021-02-20,3623.0,76.18,11202.0,235.541,1027.0,21.594,7869.0,165.459
Spain,ESP,2021-02-21,3539.0,74.413,11678.0,245.55,1001.0,21.048,7675.0,161.38
Spain,ESP,2021-02-22,3367.0,70.797,10802.0,227.13,950.0,19.975,7392.0,155.429
Spain,ESP,2021-02-23,3243.0,68.19,10260.0,215.734,921.0,19.366,7057.0,148.385
Spain,ESP,2021-02-24,3133.0,65.877,9656.0,203.034,876.0,18.419,6811.0,143.213
Spain,ESP,2021-02-25,3021.0,63.522,9186.0,193.151,849.0,17.852,6620.0,139.197
Spain,ESP,2021-02-26,2958.0,62.197,8472.0,178.138,828.0,17.41,6513.0,136.947
Spain,ESP,2021-02-27,2953.0,62.092,8502.0,178.769,809.0,17.011,6464.0,135.916
Spain,ESP,2021-02-28,2923.0,61.461,8831.0,185.687,790.0,16.611,6394.0,134.445
Spain,ESP,2021-03-01,2796.0,58.791,8450.0,177.675,752.0,15.812,6144.0,129.188
Spain,ESP,2021-03-02,2710.0,56.982,8081.0,169.917,734.0,15.434,6059.0,127.401
Spain,ESP,2021-03-03,2615.0,54.985,7585.0,159.487,733.0,15.413,5906.0,124.184
Spain,ESP,2021-03-04,2571.0,54.06,7347.0,154.483,735.0,15.455,5784.0,121.618
Spain,ESP,2021-03-05,2527.0,53.134,6945.0,146.03,741.0,15.581,5573.0,117.182
Spain,ESP,2021-03-06,2521.0,53.008,6894.0,144.958,733.0,15.413,5339.0,112.261
Spain,ESP,2021-03-07,2471.0,51.957,7292.0,153.327,717.0,15.076,5267.0,110.748
Spain,ESP,2021-03-08,2366.0,49.749,7026.0,147.733,713.0,14.992,5214.0,109.633
Spain,ESP,2021-03-09,2331.0,49.013,6807.0,143.129,712.0,14.971,5117.0,107.594
Spain,ESP,2021-03-10,2243.0,47.163,6477.0,136.19,703.0,14.782,5018.0,105.512
Spain,ESP,2021-03-11,2185.0,45.943,6354.0,133.604,667.0,14.025,4940.0,103.872
Spain,ESP,2021-03-12,2121.0,44.598,6115.0,128.578,626.0,13.163,4981.0,104.734
Spain,ESP,2021-03-13,2119.0,44.556,6152.0,129.356,591.0,12.427,5050.0,106.185
Spain,ESP,2021-03-14,2112.0,44.408,6879.0,144.643,593.0,12.469,4987.0,104.86
Spain,ESP,2021-03-15,2037.0,42.831,6312.0,132.72,599.0,12.595,4974.0,104.587
Spain,ESP,2021-03-16,1997.0,41.99,6073.0,127.695,601.0,12.637,4942.0,103.914
Spain,ESP,2021-03-17,1950.0,41.002,5891.0,123.868,615.0,12.931,4994.0,105.007
Spain,ESP,2021-03-18,1958.0,41.17,5725.0,120.378,632.0,13.289,4955.0,104.187
Spain,ESP,2021-03-19,1911.0,40.182,5627.0,118.317,675.0,14.193,4814.0,101.222
Spain,ESP,2021-03-20,1913.0,40.224,5666.0,119.137,721.0,15.16,4681.0,98.426
Spain,ESP,2021-03-21,1948.0,40.96,6075.0,127.737,735.0,15.455,4664.0,98.068
Spain,ESP,2021-03-22,1876.0,39.446,6059.0,127.401,740.0,15.56,4727.0,99.393
Spain,ESP,2021-03-23,1855.0,39.004,5951.0,125.13,736.0,15.476,4725.0,99.351
Spain,ESP,2021-03-24,1853.0,38.962,5945.0,125.004,728.0,15.307,4747.0,99.814
Spain,ESP,2021-03-25,1830.0,38.479,5849.0,122.985,742.0,15.602,4857.0,102.127
Spain,ESP,2021-03-26,1812.0,38.1,5642.0,118.633,739.0,15.539,4970.0,104.503
Spain,ESP,2021-03-27,1808.0,38.016,5704.0,119.936,722.0,15.181,5082.0,106.858
Spain,ESP,2021-03-28,1867.0,39.257,6231.0,131.017,713.0,14.992,5152.0,108.329
Spain,ESP,2021-03-29,1853.0,38.962,6243.0,131.27,729.0,15.328,5257.0,110.537
Spain,ESP,2021-03-30,1832.0,38.521,6245.0,131.312,740.0,15.56,5417.0,113.902
Spain,ESP,2021-03-31,1843.0,38.752,6092.0,128.095,756.0,15.896,5571.0,117.14
Spain,ESP,2021-04-01,1847.0,38.836,6136.0,129.02,772.0,16.233,5641.0,118.611
Spain,ESP,2021-04-02,1876.0,39.446,6505.0,136.779,768.0,16.148,5692.0,119.684
Spain,ESP,2021-04-03,1834.0,38.563,6477.0,136.19,778.0,16.359,5707.0,119.999
Spain,ESP,2021-04-04,1931.0,40.603,7058.0,148.406,808.0,16.99,5947.0,125.046
Spain,ESP,2021-04-05,1992.0,41.885,7435.0,156.333,832.0,17.494,6015.0,126.475
Spain,ESP,2021-04-06,2009.0,42.243,7408.0,155.766,861.0,18.104,6178.0,129.903
Spain,ESP,2021-04-07,2024.0,42.558,7360.0,154.756,873.0,18.356,6261.0,131.648
Spain,ESP,2021-04-08,2050.0,43.105,7309.0,153.684,889.0,18.693,6402.0,134.613
Spain,ESP,2021-04-09,2075.0,43.63,7086.0,148.995,934.0,19.639,6589.0,138.545
Spain,ESP,2021-04-10,2078.0,43.693,7157.0,150.488,977.0,20.543,6812.0,143.234
Spain,ESP,2021-04-11,2168.0,45.586,7821.0,164.45,989.0,20.795,6751.0,141.951
Spain,ESP,2021-04-12,2152.0,45.249,7802.0,164.05,1011.0,21.258,6921.0,145.526
Spain,ESP,2021-04-13,2153.0,45.27,7644.0,160.728,1016.0,21.363,6872.0,144.495
Spain,ESP,2021-04-14,2144.0,45.081,7589.0,159.571,1020.0,21.447,6922.0,145.547
Spain,ESP,2021-04-15,2180.0,45.838,7618.0,160.181,1039.0,21.847,6931.0,145.736
Spain,ESP,2021-04-16,2195.0,46.154,7380.0,155.177,1042.0,21.91,7057.0,148.385
Spain,ESP,2021-04-17,2213.0,46.532,7422.0,156.06,1053.0,22.141,7144.0,150.215
Spain,ESP,2021-04-18,2276.0,47.857,8153.0,171.43,1070.0,22.499,7163.0,150.614
Spain,ESP,2021-04-19,2286.0,48.067,8014.0,168.508,1074.0,22.583,7115.0,149.605
Spain,ESP,2021-04-20,2288.0,48.109,7820.0,164.429,1086.0,22.835,7195.0,151.287
Spain,ESP,2021-04-21,2283.0,48.004,7766.0,163.293,1095.0,23.024,7174.0,150.845
Spain,ESP,2021-04-22,2297.0,48.298,7674.0,161.359,1080.0,22.709,7214.0,151.686
Spain,ESP,2021-04-23,2303.0,48.424,7343.0,154.399,1068.0,22.456,7052.0,148.28
Spain,ESP,2021-04-24,2303.0,48.424,7387.0,155.324,1048.0,22.036,6888.0,144.832
Spain,ESP,2021-04-25,2356.0,49.539,8024.0,168.718,1024.0,21.531,6821.0,143.423
Spain,ESP,2021-04-26,2332.0,49.034,7875.0,165.585,992.0,20.858,6818.0,143.36
Spain,ESP,2021-04-27,2316.0,48.698,7669.0,161.254,967.0,20.333,6726.0,141.425
Spain,ESP,2021-04-28,2322.0,48.824,7464.0,156.943,961.0,20.207,6583.0,138.419
Spain,ESP,2021-04-29,2302.0,48.403,7350.0,154.546,941.0,19.786,6473.0,136.106
Spain,ESP,2021-04-30,2296.0,48.277,6940.0,145.925,931.0,19.576,6416.0,134.907
Spain,ESP,2021-05-01,2289.0,48.13,6995.0,147.082,919.0,19.324,6360.0,133.73
Spain,ESP,2021-05-02,2315.0,48.677,7400.0,155.597,933.0,19.618,6309.0,132.657
Spain,ESP,2021-05-03,2289.0,48.13,7298.0,153.453,910.0,19.134,5969.0,125.508
Spain,ESP,2021-05-04,2241.0,47.121,6901.0,145.105,895.0,18.819,5845.0,122.901
Spain,ESP,2021-05-05,2212.0,46.511,6688.0,140.626,861.0,18.104,5765.0,121.219
Spain,ESP,2021-05-06,2183.0,45.901,6422.0,135.033,855.0,17.978,5620.0,118.17
Spain,ESP,2021-05-07,2155.0,45.312,5979.0,125.719,837.0,17.599,5470.0,115.016
Spain,ESP,2021-05-08,2156.0,45.334,5977.0,125.676,815.0,17.137,5313.0,111.715
Spain,ESP,2021-05-09,2134.0,44.871,6397.0,134.508,763.0,16.043,5175.0,108.813
Spain,ESP,2021-05-10,2038.0,42.852,6068.0,127.59,755.0,15.875,5096.0,107.152
Spain,ESP,2021-05-11,1991.0,41.864,5705.0,119.957,724.0,15.223,4867.0,102.337
Spain,ESP,2021-05-12,1931.0,40.603,5444.0,114.469,694.0,14.593,4688.0,98.573
Spain,ESP,2021-05-13,1899.0,39.93,5198.0,109.297,660.0,13.878,4521.0,95.062
Spain,ESP,2021-05-14,1853.0,38.962,4821.0,101.37,613.0,12.889,4394.0,92.391
Spain,ESP,2021-05-15,1828.0,38.437,4850.0,101.979,560.0,11.775,4323.0,90.898
Spain,ESP,2021-05-16,1836.0,38.605,5088.0,106.984,553.0,11.628,4212.0,88.564
Spain,ESP,2021-05-17,1772.0,37.259,4791.0,100.739,533.0,11.207,4064.0,85.452
Spain,ESP,2021-05-18,1739.0,36.565,4529.0,95.23,524.0,11.018,3968.0,83.434
Spain,ESP,2021-05-19,1688.0,35.493,4267.0,89.721,517.0,10.871,3836.0,80.658
Spain,ESP,2021-05-20,1650.0,34.694,4055.0,85.263,512.0,10.766,3693.0,77.652
Spain,ESP,2021-05-21,1622.0,34.105,3738.0,78.598,504.0,10.597,3547.0,74.582
Spain,ESP,2021-05-22,1621.0,34.084,3795.0,79.796,507.0,10.661,3392.0,71.322
Spain,ESP,2021-05-23,1628.0,34.231,3981.0,83.707,499.0,10.492,3306.0,69.514
Spain,ESP,2021-05-24,1551.0,32.612,3858.0,81.121,469.0,9.862,3264.0,68.631
Spain,ESP,2021-05-25,1499.0,31.519,3612.0,75.948,452.0,9.504,3184.0,66.949
Spain,ESP,2021-05-26,1467.0,30.846,3472.0,73.005,453.0,9.525,3168.0,66.613
Spain,ESP,2021-05-27,1426.0,29.984,3387.0,71.217,430.0,9.041,3120.0,65.603
Spain,ESP,2021-05-28,1387.0,29.164,3125.0,65.708,421.0,8.852,3093.0,65.036
Spain,ESP,2021-05-29,1387.0,29.164,3164.0,66.528,416.0,8.747,3072.0,64.594
Spain,ESP,2021-05-30,1347.0,28.323,3509.0,73.783,388.0,8.158,3087.0,64.909
Spain,ESP,2021-05-31,1285.0,27.019,3368.0,70.818,394.0,8.285,3028.0,63.669
Spain,ESP,2021-06-01,1236.0,25.989,3231.0,67.937,380.0,7.99,2990.0,62.87
Spain,ESP,2021-06-02,1205.0,25.337,3037.0,63.858,353.0,7.422,2897.0,60.914
Spain,ESP,2021-06-03,1162.0,24.433,2969.0,62.428,338.0,7.107,2823.0,59.358
Spain,ESP,2021-06-04,1118.0,23.508,2767.0,58.181,326.0,6.855,2748.0,57.781
Spain,ESP,2021-06-05,1123.0,23.613,2752.0,57.865,316.0,6.644,2679.0,56.33
Spain,ESP,2021-06-06,1124.0,23.634,2990.0,62.87,321.0,6.75,2643.0,55.574
Spain,ESP,2021-06-07,1088.0,22.877,2792.0,58.706,308.0,6.476,2593.0,54.522
Spain,ESP,2021-06-08,1040.0,21.868,2665.0,56.036,306.0,6.434,2547.0,53.555
Spain,ESP,2021-06-09,1005.0,21.132,2561.0,53.849,299.0,6.287,2498.0,52.525
Spain,ESP,2021-06-10,966.0,20.312,2461.0,51.747,295.0,6.203,2454.0,51.599
Spain,ESP,2021-06-11,927.0,19.492,2536.0,53.324,298.0,6.266,2393.0,50.317
Spain,ESP,2021-06-12,930.0,19.555,2533.0,53.261,296.0,6.224,2304.0,48.445
Spain,ESP,2021-06-13,918.0,19.302,2497.0,52.504,287.0,6.035,2249.0,47.289
Spain,ESP,2021-06-14,899.0,18.903,2352.0,49.455,285.0,5.993,2178.0,45.796
Spain,ESP,2021-06-15,853.0,17.936,2236.0,47.016,283.0,5.951,2104.0,44.24
Spain,ESP,2021-06-16,835.0,17.557,2239.0,47.079,277.0,5.824,2047.0,43.042
Spain,ESP,2021-06-17,793.0,16.674,2038.0,42.852,275.0,5.782,2000.0,42.053
Spain,ESP,2021-06-18,762.0,16.022,1889.0,39.719,259.0,5.446,1934.0,40.666
Spain,ESP,2021-06-19,763.0,16.043,1905.0,40.056,241.0,5.067,1891.0,39.761
Spain,ESP,2021-06-20,770.0,16.191,2062.0,43.357,236.0,4.962,1835.0,38.584
Spain,ESP,2021-06-21,728.0,15.307,1932.0,40.624,225.0,4.731,1783.0,37.491
Spain,ESP,2021-06-22,683.0,14.361,1821.0,38.29,210.0,4.416,1726.0,36.292
Spain,ESP,2021-06-23,655.0,13.772,1750.0,36.797,200.0,4.205,1696.0,35.661
Spain,ESP,2021-06-24,641.0,13.478,1725.0,36.271,185.0,3.89,1655.0,34.799
Spain,ESP,2021-06-25,633.0,13.31,1672.0,35.157,184.0,3.869,1680.0,35.325
Spain,ESP,2021-06-26,629.0,13.226,1656.0,34.82,186.0,3.911,1706.0,35.872
Spain,ESP,2021-06-27,642.0,13.499,1846.0,38.815,177.0,3.722,1728.0,36.334
Spain,ESP,2021-06-28,620.0,13.037,1765.0,37.112,172.0,3.617,1720.0,36.166
Spain,ESP,2021-06-29,601.0,12.637,1774.0,37.301,181.0,3.806,1762.0,37.049
Spain,ESP,2021-06-30,584.0,12.28,1773.0,37.28,181.0,3.806,1771.0,37.238
Spain,ESP,2021-07-01,586.0,12.322,1826.0,38.395,200.0,4.205,1871.0,39.341
Spain,ESP,2021-07-02,591.0,12.427,1800.0,37.848,219.0,4.605,1905.0,40.056
Spain,ESP,2021-07-03,591.0,12.427,1808.0,38.016,235.0,4.941,1930.0,40.581
Spain,ESP,2021-07-04,612.0,12.868,2105.0,44.261,244.0,5.131,2057.0,43.252
Spain,ESP,2021-07-05,607.0,12.763,2178.0,45.796,255.0,5.362,2216.0,46.595
Spain,ESP,2021-07-06,598.0,12.574,2230.0,46.889,262.0,5.509,2344.0,49.287
Spain,ESP,2021-07-07,605.0,12.721,2285.0,48.046,284.0,5.972,2522.0,53.029
Spain,ESP,2021-07-08,627.0,13.184,2494.0,52.441,295.0,6.203,2711.0,57.003
Spain,ESP,2021-07-09,637.0,13.394,2529.0,53.176,302.0,6.35,2960.0,62.239
Spain,ESP,2021-07-10,631.0,13.268,2536.0,53.324,311.0,6.539,3197.0,67.222
Spain,ESP,2021-07-11,719.0,15.118,3172.0,66.697,360.0,7.57,3450.0,72.542
Spain,ESP,2021-07-12,748.0,15.728,3432.0,72.164,395.0,8.306,3772.0,79.313
Spain,ESP,2021-07-13,797.0,16.758,3668.0,77.126,453.0,9.525,4126.0,86.756
Spain,ESP,2021-07-14,837.0,17.599,3860.0,81.163,481.0,10.114,4454.0,93.653
Spain,ESP,2021-07-15,871.0,18.314,4183.0,87.955,537.0,11.291,4820.0,101.349
Spain,ESP,2021-07-16,883.0,18.567,4234.0,89.027,598.0,12.574,5181.0,108.939
Spain,ESP,2021-07-17,888.0,18.672,4257.0,89.511,656.0,13.794,5540.0,116.488
Spain,ESP,2021-07-18,1035.0,21.763,5426.0,114.091,693.0,14.571,5890.0,123.847
Spain,ESP,2021-07-19,1116.0,23.466,5734.0,120.567,760.0,15.98,6298.0,132.426
Spain,ESP,2021-07-20,1180.0,24.811,6075.0,127.737,819.0,17.221,6775.0,142.456
Spain,ESP,2021-07-21,1240.0,26.073,6378.0,134.108,875.0,18.398,7251.0,152.464
Spain,ESP,2021-07-22,1292.0,27.166,6663.0,140.101,910.0,19.134,7567.0,159.109
Spain,ESP,2021-07-23,1309.0,27.524,6756.0,142.056,935.0,19.66,7888.0,165.858
Spain,ESP,2021-07-24,1319.0,27.734,6792.0,142.813,967.0,20.333,8205.0,172.524
Spain,ESP,2021-07-25,1486.0,31.246,7878.0,165.648,1033.0,21.721,8376.0,176.119
Spain,ESP,2021-07-26,1542.0,32.423,7990.0,168.003,1055.0,22.183,8486.0,178.432
Spain,ESP,2021-07-27,1593.0,33.495,8079.0,169.875,1062.0,22.33,8509.0,178.916
Spain,ESP,2021-07-28,1645.0,34.589,8055.0,169.37,1092.0,22.961,8557.0,179.925
Spain,ESP,2021-07-29,1698.0,35.703,8127.0,170.884,1116.0,23.466,8547.0,179.715
Spain,ESP,2021-07-30,1700.0,35.745,8118.0,170.695,1133.0,23.823,8513.0,179.0
Spain,ESP,2021-07-31,1713.0,36.019,8085.0,170.001,1150.0,24.181,8432.0,177.297
Spain,ESP,2021-08-01,1856.0,39.026,8708.0,183.1,1150.0,24.181,8342.0,175.405
Spain,ESP,2021-08-02,1867.0,39.257,8450.0,177.675,1143.0,24.033,8217.0,172.776
Spain,ESP,2021-08-03,1904.0,40.035,8354.0,175.657,1148.0,24.139,8189.0,172.187
Spain,ESP,2021-08-04,1919.0,40.35,8061.0,169.496,1151.0,24.202,8010.0,168.424
Spain,ESP,2021-08-05,1928.0,40.539,8087.0,170.043,1124.0,23.634,7887.0,165.837
Spain,ESP,2021-08-06,1942.0,40.834,8024.0,168.718,1111.0,23.361,7752.0,162.999
Spain,ESP,2021-08-07,1948.0,40.96,8294.0,174.395,1091.0,22.94,7673.0,161.338
Spain,ESP,2021-08-08,2031.0,42.705,8368.0,175.951,1037.0,21.805,7558.0,158.92
Spain,ESP,2021-08-09,1988.0,41.801,8005.0,168.319,1008.0,21.195,7477.0,157.216
Spain,ESP,2021-08-10,1947.0,40.939,7780.0,163.588,953.0,20.038,7293.0,153.348
Spain,ESP,2021-08-11,1921.0,40.392,7557.0,158.899,897.0,18.861,7103.0,149.352
Spain,ESP,2021-08-12,1922.0,40.413,7370.0,154.967,887.0,18.651,6985.0,146.871
Spain,ESP,2021-08-13,1921.0,40.392,7217.0,151.75,882.0,18.546,6852.0,144.075
Spain,ESP,2021-08-14,1917.0,40.308,7255.0,152.549,881.0,18.525,6728.0,141.467
Spain,ESP,2021-08-15,1912.0,40.203,7318.0,153.873,883.0,18.567,6631.0,139.428
Spain,ESP,2021-08-16,1901.0,39.972,7262.0,152.696,878.0,18.461,6368.0,133.898
Spain,ESP,2021-08-17,1854.0,38.983,6951.0,146.156,870.0,18.293,6135.0,128.999
Spain,ESP,2021-08-18,1843.0,38.752,6651.0,139.848,874.0,18.377,5965.0,125.424
Spain,ESP,2021-08-19,1818.0,38.226,6419.0,134.97,846.0,17.789,5780.0,121.534
Spain,ESP,2021-08-20,1804.0,37.932,6311.0,132.699,803.0,16.884,5607.0,117.897
Spain,ESP,2021-08-21,1803.0,37.911,6315.0,132.783,760.0,15.98,5439.0,114.364
Spain,ESP,2021-08-22,1834.0,38.563,6443.0,135.475,740.0,15.56,5281.0,111.042
Spain,ESP,2021-08-23,1757.0,36.944,6145.0,129.209,703.0,14.782,5209.0,109.528
Spain,ESP,2021-08-24,1758.0,36.965,5879.0,123.616,690.0,14.508,5069.0,106.584
Spain,ESP,2021-08-25,1699.0,35.724,5649.0,118.78,661.0,13.899,5009.0,105.323
Spain,ESP,2021-08-26,1684.0,35.409,5496.0,115.563,636.0,13.373,4882.0,102.652
Spain,ESP,2021-08-27,1681.0,35.346,5421.0,113.986,621.0,13.058,4803.0,100.991
Spain,ESP,2021-08-28,1680.0,35.325,5425.0,114.07,605.0,12.721,4695.0,98.72
Spain,ESP,2021-08-29,1651.0,34.715,5456.0,114.722,578.0,12.153,4559.0,95.861
Spain,ESP,2021-08-30,1571.0,33.033,5213.0,109.612,565.0,11.88,4422.0,92.98
Spain,ESP,2021-08-31,1514.0,31.834,4996.0,105.049,533.0,11.207,4285.0,90.099
Spain,ESP,2021-09-01,1491.0,31.351,4797.0,100.865,516.0,10.85,4123.0,86.693
Spain,ESP,2021-09-02,1460.0,30.699,4785.0,100.613,514.0,10.808,3965.0,83.371
Spain,ESP,2021-09-03,1450.0,30.489,4646.0,97.69,497.0,10.45,3715.0,78.114
Spain,ESP,2021-09-04,1450.0,30.489,4667.0,98.132,485.0,10.198,3486.0,73.299
Spain,ESP,2021-09-05,1383.0,29.08,4361.0,91.697,454.0,9.546,3360.0,70.65
Spain,ESP,2021-09-06,1348.0,28.344,4221.0,88.754,439.0,9.231,3242.0,68.168
Spain,ESP,2021-09-07,1308.0,27.503,4021.0,84.548,417.0,8.768,3113.0,65.456
Spain,ESP,2021-09-08,1257.0,26.431,3844.0,80.827,396.0,8.327,2984.0,62.744
Spain,ESP,2021-09-09,1227.0,25.8,3744.0,78.724,374.0,7.864,2839.0,59.695
Spain,ESP,2021-09-10,1228.0,25.821,3490.0,73.383,367.0,7.717,2716.0,57.108
Spain,ESP,2021-09-11,1225.0,25.758,3490.0,73.383,352.0,7.401,2595.0,54.564
Spain,ESP,2021-09-12,1172.0,24.643,3478.0,73.131,345.0,7.254,2500.0,52.567
Spain,ESP,2021-09-13,1134.0,23.844,3264.0,68.631,335.0,7.044,2351.0,49.434
Spain,ESP,2021-09-14,1097.0,23.066,3054.0,64.215,333.0,7.002,2208.0,46.427
Spain,ESP,2021-09-15,1058.0,22.246,2889.0,60.746,335.0,7.044,2119.0,44.556
Spain,ESP,2021-09-16,1029.0,21.636,2781.0,58.475,319.0,6.708,2071.0,43.546
Spain,ESP,2021-09-17,1016.0,21.363,2716.0,57.108,302.0,6.35,2056.0,43.231
Spain,ESP,2021-09-18,1015.0,21.342,2719.0,57.172,293.0,6.161,2031.0,42.705
Spain,ESP,2021-09-19,974.0,20.48,2680.0,56.351,283.0,5.951,1936.0,40.708
Spain,ESP,2021-09-20,925.0,19.45,2495.0,52.462,258.0,5.425,1858.0,39.068
Spain,ESP,2021-09-21,894.0,18.798,2334.0,49.076,257.0,5.404,1816.0,38.184
Spain,ESP,2021-09-22,867.0,18.23,2186.0,45.964,237.0,4.983,1750.0,36.797
Spain,ESP,2021-09-23,837.0,17.599,2111.0,44.387,231.0,4.857,1708.0,35.914
Spain,ESP,2021-09-24,821.0,17.263,2067.0,43.462,218.0,4.584,1642.0,34.526
Spain,ESP,2021-09-25,818.0,17.2,2051.0,43.126,204.0,4.289,1593.0,33.495
Spain,ESP,2021-09-26,805.0,16.926,2049.0,43.084,193.0,4.058,1569.0,32.991
Spain,ESP,2021-09-27,768.0,16.148,1992.0,41.885,198.0,4.163,1567.0,32.949
Spain,ESP,2021-09-28,728.0,15.307,1875.0,39.425,173.0,3.638,1527.0,32.108
Spain,ESP,2021-09-29,702.0,14.761,1812.0,38.1,161.0,3.385,1484.0,31.204
Spain,ESP,2021-09-30,674.0,14.172,1727.0,36.313,151.0,3.175,1415.0,29.753
Spain,ESP,2021-10-01,673.0,14.151,1709.0,35.935,147.0,3.091,1379.0,28.996
Spain,ESP,2021-10-02,669.0,14.067,1711.0,35.977,140.0,2.944,1348.0,28.344
Spain,ESP,2021-10-03,635.0,13.352,1724.0,36.25,134.0,2.818,1324.0,27.839
Spain,ESP,2021-10-04,602.0,12.658,1670.0,35.115,126.0,2.649,1270.0,26.704
Spain,ESP,2021-10-05,574.0,12.069,1620.0,34.063,127.0,2.67,1248.0,26.241
Spain,ESP,2021-10-06,550.0,11.565,1534.0,32.255,127.0,2.67,1232.0,25.905
Spain,ESP,2021-10-07,535.0,11.249,1466.0,30.825,132.0,2.776,1213.0,25.505
Spain,ESP,2021-10-08,530.0,11.144,1435.0,30.173,136.0,2.86,1166.0,24.517
Spain,ESP,2021-10-09,526.0,11.06,1439.0,30.257,140.0,2.944,1121.0,23.571
Spain,ESP,2021-10-10,504.0,10.597,1430.0,30.068,142.0,2.986,1097.0,23.066
Spain,ESP,2021-10-11,478.0,10.051,1340.0,28.176,135.0,2.839,1061.0,22.309
Spain,ESP,2021-10-12,485.0,10.198,1391.0,29.248,140.0,2.944,1037.0,21.805
Spain,ESP,2021-10-13,450.0,9.462,1397.0,29.374,146.0,3.07,1027.0,21.594
Spain,ESP,2021-10-14,443.0,9.315,1392.0,29.269,141.0,2.965,1024.0,21.531
Spain,ESP,2021-10-15,437.0,9.189,1373.0,28.87,137.0,2.881,1033.0,21.721
Spain,ESP,2021-10-16,435.0,9.147,1387.0,29.164,132.0,2.776,1032.0,21.7
Spain,ESP,2021-10-17,444.0,9.336,1401.0,29.458,137.0,2.881,1041.0,21.889
Spain,ESP,2021-10-18,432.0,9.084,1412.0,29.69,146.0,3.07,1094.0,23.003
Spain,ESP,2021-10-19,447.0,9.399,1379.0,28.996,164.0,3.448,1136.0,23.886
Spain,ESP,2021-10-20,434.0,9.126,1309.0,27.524,163.0,3.427,1140.0,23.97
Spain,ESP,2021-10-21,435.0,9.147,1295.0,27.23,173.0,3.638,1172.0,24.643
Spain,ESP,2021-10-22,436.0,9.168,1272.0,26.746,182.0,3.827,1200.0,25.232
Spain,ESP,2021-10-23,434.0,9.126,1275.0,26.809,192.0,4.037,1237.0,26.01
Spain,ESP,2021-10-24,430.0,9.041,1355.0,28.491,185.0,3.89,1250.0,26.283
Spain,ESP,2021-10-25,430.0,9.041,1305.0,27.44,191.0,4.016,1239.0,26.052
Spain,ESP,2021-10-26,420.0,8.831,1270.0,26.704,172.0,3.617,1220.0,25.653
Spain,ESP,2021-10-27,413.0,8.684,1235.0,25.968,170.0,3.575,1211.0,25.463
Spain,ESP,2021-10-28,411.0,8.642,1229.0,25.842,157.0,3.301,1187.0,24.959
Spain,ESP,2021-10-29,411.0,8.642,1202.0,25.274,149.0,3.133,1170.0,24.601
Spain,ESP,2021-10-30,414.0,8.705,1206.0,25.358,144.0,3.028,1153.0,24.244
Spain,ESP,2021-10-31,407.0,8.558,1210.0,25.442,144.0,3.028,1156.0,24.307
Spain,ESP,2021-11-01,395.0,8.306,1296.0,27.251,135.0,2.839,1138.0,23.928
Spain,ESP,2021-11-02,410.0,8.621,1410.0,29.648,145.0,3.049,1174.0,24.685
Spain,ESP,2021-11-03,400.0,8.411,1401.0,29.458,150.0,3.154,1208.0,25.4
Spain,ESP,2021-11-04,386.0,8.116,1406.0,29.564,143.0,3.007,1261.0,26.515
Spain,ESP,2021-11-05,387.0,8.137,1431.0,30.089,138.0,2.902,1295.0,27.23
Spain,ESP,2021-11-06,381.0,8.011,1421.0,29.879,131.0,2.754,1326.0,27.881
Spain,ESP,2021-11-07,397.0,8.348,1450.0,30.489,143.0,3.007,1320.0,27.755
Spain,ESP,2021-11-08,386.0,8.116,1453.0,30.552,147.0,3.091,1363.0,28.659
Spain,ESP,2021-11-09,403.0,8.474,1497.0,31.477,157.0,3.301,1365.0,28.701
Spain,ESP,2021-11-10,396.0,8.327,1534.0,32.255,166.0,3.49,1402.0,29.479
Spain,ESP,2021-11-11,394.0,8.285,1551.0,32.612,180.0,3.785,1400.0,29.437
Spain,ESP,2021-11-12,395.0,8.306,1540.0,32.381,193.0,4.058,1421.0,29.879
Spain,ESP,2021-11-13,392.0,8.242,1553.0,32.654,206.0,4.331,1451.0,30.51
Spain,ESP,2021-11-14,425.0,8.936,1749.0,36.776,211.0,4.437,1554.0,32.675
Spain,ESP,2021-11-15,422.0,8.873,1726.0,36.292,224.0,4.71,1601.0,33.664
Spain,ESP,2021-11-16,447.0,9.399,1811.0,38.079,231.0,4.857,1693.0,35.598
Spain,ESP,2021-11-17,453.0,9.525,1849.0,38.878,229.0,4.815,1723.0,36.229
Spain,ESP,2021-11-18,458.0,9.63,1940.0,40.792,242.0,5.088,1835.0,38.584
Spain,ESP,2021-11-19,462.0,9.714,1946.0,40.918,253.0,5.32,1953.0,41.065
Spain,ESP,2021-11-20,457.0,9.609,1956.0,41.128,260.0,5.467,2060.0,43.315
Spain,ESP,2021-11-21,522.0,10.976,2353.0,49.476,276.0,5.803,2160.0,45.418
Spain,ESP,2021-11-22,544.0,11.439,2453.0,51.578,295.0,6.203,2332.0,49.034
Spain,ESP,2021-11-23,560.0,11.775,2606.0,54.796,304.0,6.392,2498.0,52.525
Spain,ESP,2021-11-24,569.0,11.964,2698.0,56.73,326.0,6.855,2647.0,55.658
Spain,ESP,2021-11-25,596.0,12.532,2787.0,58.601,346.0,7.275,2735.0,57.508
Spain,ESP,2021-11-26,613.0,12.889,2765.0,58.139,369.0,7.759,2813.0,59.148
Spain,ESP,2021-11-27,607.0,12.763,2741.0,57.634,393.0,8.263,2894.0,60.851
Spain,ESP,2021-11-28,667.0,14.025,3080.0,64.762,394.0,8.285,2920.0,61.398
Spain,ESP,2021-11-29,707.0,14.866,3113.0,65.456,413.0,8.684,2948.0,61.987
Spain,ESP,2021-11-30,736.0,15.476,3216.0,67.622,427.0,8.978,3012.0,63.332
Spain,ESP,2021-12-01,771.0,16.212,3310.0,69.598,455.0,9.567,3077.0,64.699
Spain,ESP,2021-12-02,809.0,17.011,3421.0,71.932,479.0,10.072,3158.0,66.402
Spain,ESP,2021-12-03,822.0,17.284,3398.0,71.449,506.0,10.639,3250.0,68.337
Spain,ESP,2021-12-04,812.0,17.074,3374.0,70.944,538.0,11.312,3332.0,70.061
Spain,ESP,2021-12-05,781.0,16.422,3308.0,69.556,577.0,12.132,3427.0,72.058
Spain,ESP,2021-12-06,889.0,18.693,3835.0,80.637,574.0,12.069,3496.0,73.509
Spain,ESP,2021-12-07,886.0,18.63,3835.0,80.637,581.0,12.216,3508.0,73.762
Spain,ESP,2021-12-08,1037.0,21.805,4405.0,92.623,575.0,12.09,3575.0,75.17
Spain,ESP,2021-12-09,1055.0,22.183,4491.0,94.431,578.0,12.153,3746.0,78.766
Spain,ESP,2021-12-10,1049.0,22.057,4426.0,93.064,562.0,11.817,3896.0,81.92
Spain,ESP,2021-12-11,1051.0,22.099,4435.0,93.253,544.0,11.439,4046.0,85.074
Spain,ESP,2021-12-12,1154.0,24.265,5120.0,107.657,562.0,11.817,4200.0,88.312
Spain,ESP,2021-12-13,1193.0,25.085,5081.0,106.837,602.0,12.658,4376.0,92.013
Spain,ESP,2021-12-14,1232.0,25.905,5164.0,108.582,636.0,13.373,4596.0,96.639
Spain,ESP,2021-12-15,1285.0,27.019,5329.0,112.051,677.0,14.235,4778.0,100.465
Spain,ESP,2021-12-16,1306.0,27.461,5409.0,113.733,689.0,14.487,4864.0,102.274
Spain,ESP,2021-12-17,1307.0,27.482,5396.0,113.46,730.0,15.349,4944.0,103.956
Spain,ESP,2021-12-18,1297.0,27.272,5376.0,113.039,768.0,16.148,5022.0,105.596
Spain,ESP,2021-12-19,1424.0,29.942,5981.0,125.761,780.0,16.401,5176.0,108.834
Spain,ESP,2021-12-20,1465.0,30.804,6059.0,127.401,794.0,16.695,5360.0,112.703
Spain,ESP,2021-12-21,1459.0,30.678,6217.0,130.723,796.0,16.737,5611.0,117.981
Spain,ESP,2021-12-22,1511.0,31.771,6401.0,134.592,817.0,17.179,5878.0,123.595
Spain,ESP,2021-12-23,1518.0,31.918,6447.0,135.559,855.0,17.978,6204.0,130.45
Spain,ESP,2021-12-24,1520.0,31.961,6436.0,135.328,872.0,18.335,6527.0,137.241
Spain,ESP,2021-12-25,1521.0,31.982,6422.0,135.033,893.0,18.777,6855.0,144.138
Spain,ESP,2021-12-26,1701.0,35.766,7713.0,162.179,930.0,19.555,7274.0,152.948
Spain,ESP,2021-12-27,1722.0,36.208,8024.0,168.718,960.0,20.186,7715.0,162.221
Spain,ESP,2021-12-28,1764.0,37.091,8580.0,180.409,1006.0,21.153,8278.0,174.059
Spain,ESP,2021-12-29,1794.0,37.722,8916.0,187.474,1007.0,21.174,8804.0,185.119
Spain,ESP,2021-12-30,1811.0,38.079,8982.0,188.862,1006.0,21.153,9290.0,195.338
Spain,ESP,2021-12-31,1812.0,38.1,8976.0,188.735,1007.0,21.174,9764.0,205.304
Spain,ESP,2022-01-01,1822.0,38.311,8980.0,188.82,1018.0,21.405,10243.0,215.376
Spain,ESP,2022-01-02,1853.0,38.962,9804.0,206.146,1020.0,21.447,10399.0,218.656
Spain,ESP,2022-01-03,1962.0,41.254,10855.0,228.245,1052.0,22.12,10916.0,229.527
Spain,ESP,2022-01-04,2005.0,42.158,11338.0,238.4,1087.0,22.856,11359.0,238.842
Spain,ESP,2022-01-05,1996.0,41.969,11359.0,238.842,1131.0,23.781,11827.0,248.683
Spain,ESP,2022-01-06,2056.0,43.231,12333.0,259.322,1199.0,25.211,12075.0,253.897
Spain,ESP,2022-01-07,2056.0,43.231,12295.0,258.523,1253.0,26.346,12323.0,259.112
Spain,ESP,2022-01-08,2045.0,43.0,12071.0,253.813,1294.0,27.209,12531.0,263.485
Spain,ESP,2022-01-09,2187.0,45.985,14166.0,297.864,1312.0,27.587,12989.0,273.116
Spain,ESP,2022-01-10,2195.0,46.154,14293.0,300.534,1305.0,27.44,13200.0,277.552
Spain,ESP,2022-01-11,2228.0,46.847,14763.0,310.417,1299.0,27.314,13464.0,283.103
Spain,ESP,2022-01-12,2227.0,46.826,15005.0,315.505,1293.0,27.187,13721.0,288.507
Spain,ESP,2022-01-13,2219.0,46.658,15133.0,318.197,1275.0,26.809,14065.0,295.74
Spain,ESP,2022-01-14,2224.0,46.763,15011.0,315.631,1283.0,26.977,14380.0,302.364
Spain,ESP,2022-01-15,2198.0,46.217,14909.0,313.487,1284.0,26.998,14693.0,308.945
Spain,ESP,2022-01-16,2195.0,46.154,16015.0,336.742,1267.0,26.641,14742.0,309.975
Spain,ESP,2022-01-17,2191.0,46.069,16166.0,339.917,1252.0,26.325,14902.0,313.34
Spain,ESP,2022-01-18,2230.0,46.889,16531.0,347.592,1254.0,26.367,14906.0,313.424
Spain,ESP,2022-01-19,2204.0,46.343,16529.0,347.55,1248.0,26.241,14946.0,314.265
Spain,ESP,2022-01-20,2202.0,46.301,16441.0,345.7,1249.0,26.262,14792.0,311.027
Spain,ESP,2022-01-21,2240.0,47.1,16230.0,341.263,1235.0,25.968,14727.0,309.66
Spain,ESP,2022-01-22,2221.0,46.7,16137.0,339.307,1227.0,25.8,14667.0,308.398
Spain,ESP,2022-01-23,2252.0,47.352,17213.0,361.932,1235.0,25.968,14661.0,308.272
Spain,ESP,2022-01-24,2201.0,46.28,17059.0,358.694,1214.0,25.526,14477.0,304.403
Spain,ESP,2022-01-25,2152.0,45.249,16619.0,349.442,1167.0,24.538,14197.0,298.516
Spain,ESP,2022-01-26,2098.0,44.114,16454.0,345.973,1123.0,23.613,13908.0,292.439
Spain,ESP,2022-01-27,2052.0,43.147,16179.0,340.191,1075.0,22.604,13823.0,290.652
Spain,ESP,2022-01-28,2049.0,43.084,15949.0,335.354,1040.0,21.868,13685.0,287.75
Spain,ESP,2022-01-29,2047.0,43.042,15692.0,329.951,1011.0,21.258,13538.0,284.659
Spain,ESP,2022-01-30,2081.0,43.757,16226.0,341.179,991.0,20.837,13319.0,280.054
Spain,ESP,2022-01-31,2034.0,42.768,15824.0,332.726,982.0,20.648,13006.0,273.473
Spain,ESP,2022-02-01,1992.0,41.885,15217.0,319.963,962.0,20.228,12673.0,266.471
Spain,ESP,2022-02-02,1940.0,40.792,14922.0,313.76,954.0,20.059,12251.0,257.598
Spain,ESP,2022-02-03,1878.0,39.488,14403.0,302.847,931.0,19.576,11857.0,249.313
Spain,ESP,2022-02-04,1876.0,39.446,14168.0,297.906,913.0,19.197,11428.0,240.293
Spain,ESP,2022-02-05,1870.0,39.32,14145.0,297.422,884.0,18.588,11022.0,231.756
Spain,ESP,2022-02-06,1838.0,38.647,13958.0,293.49,840.0,17.662,10596.0,222.799
Spain,ESP,2022-02-07,1766.0,37.133,13251.0,278.624,797.0,16.758,10233.0,215.166
Spain,ESP,2022-02-08,1700.0,35.745,12716.0,267.375,769.0,16.17,9862.0,207.365
Spain,ESP,2022-02-09,1633.0,34.337,11960.0,251.479,717.0,15.076,9395.0,197.546
Spain,ESP,2022-02-10,1583.0,33.285,11161.0,234.679,692.0,14.55,8988.0,188.988
Spain,ESP,2022-02-11,1568.0,32.97,10956.0,230.368,643.0,13.52,8635.0,181.565
Spain,ESP,2022-02-12,1562.0,32.844,10899.0,229.17,601.0,12.637,8281.0,174.122
Spain,ESP,2022-02-13,1526.0,32.087,10595.0,222.778,567.0,11.922,7930.0,166.742
Spain,ESP,2022-02-14,1457.0,30.636,9940.0,209.005,549.0,11.544,7528.0,158.289
Spain,ESP,2022-02-15,1370.0,28.807,9486.0,199.459,520.0,10.934,7220.0,151.813
Spain,ESP,2022-02-16,1351.0,28.407,8900.0,187.137,521.0,10.955,6949.0,146.114
Spain,ESP,2022-02-17,1269.0,26.683,8393.0,176.477,490.0,10.303,6647.0,139.764
Spain,ESP,2022-02-18,1251.0,26.304,8115.0,170.631,470.0,9.883,6310.0,132.678
Spain,ESP,2022-02-19,1247.0,26.22,8128.0,170.905,451.0,9.483,5980.0,125.74
Spain,ESP,2022-02-20,1207.0,25.379,7986.0,167.919,425.0,8.936,5748.0,120.861
Spain,ESP,2022-02-21,1169.0,24.58,7503.0,157.763,421.0,8.852,5466.0,114.932
Spain,ESP,2022-02-22,1148.0,24.139,6994.0,147.061,403.0,8.474,5157.0,108.435
Spain,ESP,2022-02-23,1089.0,22.898,6553.0,137.788,395.0,8.306,4927.0,103.598
Spain,ESP,2022-02-24,1040.0,21.868,6113.0,128.536,381.0,8.011,4675.0,98.3
Spain,ESP,2022-02-25,1022.0,21.489,6016.0,126.496,357.0,7.507,4449.0,93.548
Spain,ESP,2022-02-26,1025.0,21.552,5974.0,125.613,335.0,7.044,4226.0,88.859
Spain,ESP,2022-02-27,970.0,20.396,5719.0,120.252,326.0,6.855,4045.0,85.053
Spain,ESP,2022-02-28,941.0,19.786,5384.0,113.208,306.0,6.434,3929.0,82.614
Spain,ESP,2022-03-01,892.0,18.756,5217.0,109.696,299.0,6.287,3759.0,79.039
Spain,ESP,2022-03-02,879.0,18.482,5014.0,105.428,291.0,6.119,3653.0,76.81
Spain,ESP,2022-03-03,851.0,17.894,4840.0,101.769,277.0,5.824,3582.0,75.318
Spain,ESP,2022-03-04,823.0,17.305,4729.0,99.435,276.0,5.803,3532.0,74.266
Spain,ESP,2022-03-05,823.0,17.305,4739.0,99.645,272.0,5.719,3501.0,73.614
Spain,ESP,2022-03-06,804.0,16.905,4703.0,98.888,271.0,5.698,3452.0,72.584
Spain,ESP,2022-03-07,750.0,15.77,4456.0,93.695,255.0,5.362,3396.0,71.407
Spain,ESP,2022-03-08,727.0,15.286,4278.0,89.952,259.0,5.446,3354.0,70.523
Spain,ESP,2022-03-09,720.0,15.139,4136.0,86.966,255.0,5.362,3264.0,68.631
Spain,ESP,2022-03-10,687.0,14.445,4073.0,85.642,264.0,5.551,3206.0,67.412
Spain,ESP,2022-03-11,687.0,14.445,4054.0,85.242,267.0,5.614,3149.0,66.213
Spain,ESP,2022-03-12,683.0,14.361,4061.0,85.389,271.0,5.698,3088.0,64.93
Spain,ESP,2022-03-13,668.0,14.046,4147.0,87.198,272.0,5.719,3131.0,65.835
Spain,ESP,2022-03-14,637.0,13.394,4134.0,86.924,269.0,5.656,3130.0,65.813
Spain,ESP,2022-03-15,605.0,12.721,4091.0,86.02,256.0,5.383,3181.0,66.886
Spain,ESP,2022-03-16,592.0,12.448,3970.0,83.476,236.0,4.962,3246.0,68.253
Spain,ESP,2022-03-17,569.0,11.964,3971.0,83.497,225.0,4.731,3270.0,68.757
Spain,ESP,2022-03-18,557.0,11.712,3909.0,82.193,215.0,4.521,3267.0,68.694
Spain,ESP,2022-03-19,557.0,11.712,3922.0,82.467,204.0,4.289,3268.0,68.715
Spain,ESP,2022-03-20,541.0,11.375,4080.0,85.789,196.0,4.121,3273.0,68.82
Spain,ESP,2022-03-21,534.0,11.228,3950.0,83.055,203.0,4.268,3229.0,67.895
Spain,ESP,2022-03-22,538.0,11.312,3971.0,83.497,208.0,4.374,3212.0,67.538
Spain,ESP,2022-03-23,506.0,10.639,3949.0,83.034,212.0,4.458,3230.0,67.916
Spain,ESP,2022-03-24,492.0,10.345,3945.0,82.95,218.0,4.584,3260.0,68.547
Spain,ESP,2022-03-25,489.0,10.282,3903.0,82.067,223.0,4.689,3280.0,68.968
Spain,ESP,2022-03-26,488.0,10.261,3908.0,82.172,228.0,4.794,3292.0,69.22
Spain,ESP,2022-03-27,474.0,9.967,3899.0,81.983,221.0,4.647,3225.0,67.811
Spain,ESP,2022-03-28,443.0,9.315,3721.0,78.24,208.0,4.374,3216.0,67.622
Spain,ESP,2022-03-29,441.0,9.273,3753.0,78.913,194.0,4.079,3246.0,68.253
Spain,ESP,2022-03-30,415.0,8.726,3708.0,77.967,188.0,3.953,3229.0,67.895
Spain,ESP,2022-03-31,417.0,8.768,3681.0,77.399,191.0,4.016,3208.0,67.454
Spain,ESP,2022-04-01,409.0,8.6,3639.0,76.516,197.0,4.142,3202.0,67.327
Spain,ESP,2022-04-02,406.0,8.537,3626.0,76.243,203.0,4.268,3192.0,67.117
Spain,ESP,2022-04-03,390.0,8.2,3822.0,80.364,209.0,4.395,3199.0,67.264
Spain,ESP,2022-04-04,367.0,7.717,3789.0,79.67,200.0,4.205,3204.0,67.369
Spain,ESP,2022-04-05,358.0,7.528,3788.0,79.649,204.0,4.289,3153.0,66.297
Spain,ESP,2022-04-06,364.0,7.654,3826.0,80.448,207.0,4.353,3147.0,66.171
Spain,ESP,2022-04-07,358.0,7.528,3866.0,81.289,202.0,4.247,3213.0,67.559
Spain,ESP,2022-04-08,356.0,7.485,3808.0,80.07,201.0,4.226,3285.0,69.073
Spain,ESP,2022-04-09,355.0,7.464,3800.0,79.901,202.0,4.247,3365.0,70.755
Spain,ESP,2022-04-10,358.0,7.528,4343.0,91.319,207.0,4.353,3577.0,75.212
Spain,ESP,2022-04-11,338.0,7.107,4435.0,93.253,209.0,4.395,3759.0,79.039
Spain,ESP,2022-04-12,340.0,7.149,4517.0,94.978,216.0,4.542,3908.0,82.172
Spain,ESP,2022-04-13,333.0,7.002,4477.0,94.136,215.0,4.521,4061.0,85.389
Spain,ESP,2022-04-14,331.0,6.96,4453.0,93.632,211.0,4.437,4165.0,87.576
Spain,ESP,2022-04-15,310.0,6.518,4335.0,91.151,200.0,4.205,4252.0,89.405
Spain,ESP,2022-04-16,110.0,2.313,1380.0,29.017,170.0,3.575,3881.0,81.605
Spain,ESP,2022-04-17,212.0,4.458,3566.0,74.981,171.0,3.596,3849.0,80.932
Spain,ESP,2022-04-18,350.0,7.359,5468.0,114.974,189.0,3.974,4011.0,84.338
Spain,ESP,2022-04-19,332.0,6.981,5695.0,119.747,202.0,4.247,4197.0,88.249
Spain,ESP,2022-04-20,331.0,6.96,5714.0,120.146,210.0,4.416,4353.0,91.529
Spain,ESP,2022-04-21,327.0,6.876,5618.0,118.128,222.0,4.668,4454.0,93.653
Spain,ESP,2022-04-22,324.0,6.813,5506.0,115.773,238.0,5.004,4553.0,95.734
Spain,ESP,2022-04-23,324.0,6.813,5513.0,115.92,272.0,5.719,5100.0,107.236
Spain,ESP,2022-04-24,355.0,7.464,5925.0,124.583,280.0,5.887,5249.0,110.369
Spain,ESP,2022-04-25,337.0,7.086,5926.0,124.604,274.0,5.761,5277.0,110.958
Spain,ESP,2022-04-26,331.0,6.96,5885.0,123.742,255.0,5.362,5299.0,111.42
Spain,ESP,2022-04-27,327.0,6.876,5991.0,125.971,260.0,5.467,5366.0,112.829
Spain,ESP,2022-04-28,317.0,6.665,5930.0,124.688,262.0,5.509,5412.0,113.796
Spain,ESP,2022-04-29,323.0,6.792,5911.0,124.289,260.0,5.467,5464.0,114.89
Spain,ESP,2022-04-30,315.0,6.623,5880.0,123.637,258.0,5.425,5530.0,116.278
Spain,ESP,2022-05-01,334.0,7.023,5988.0,125.908,256.0,5.383,5521.0,116.088
Spain,ESP,2022-05-02,343.0,7.212,6220.0,130.786,279.0,5.866,5685.0,119.537
Spain,ESP,2022-05-03,341.0,7.17,6346.0,133.435,304.0,6.392,5701.0,119.873
Spain,ESP,2022-05-04,355.0,7.464,6375.0,134.045,310.0,6.518,5762.0,121.156
Spain,ESP,2022-05-05,344.0,7.233,6433.0,135.265,312.0,6.56,5883.0,123.7
Spain,ESP,2022-05-06,343.0,7.212,6410.0,134.781,317.0,6.665,6006.0,126.286
Spain,ESP,2022-05-07,343.0,7.212,6397.0,134.508,323.0,6.792,6131.0,128.915
Spain,ESP,2022-05-08,352.0,7.401,6830.0,143.612,338.0,7.107,6365.0,133.835
Spain,ESP,2022-05-09,350.0,7.359,6819.0,143.381,325.0,6.834,6355.0,133.625
Spain,ESP,2022-05-10,340.0,7.149,6804.0,143.066,318.0,6.686,6477.0,136.19
Spain,ESP,2022-05-11,361.0,7.591,6794.0,142.855,335.0,7.044,6571.0,138.166
Spain,ESP,2022-05-12,345.0,7.254,6735.0,141.615,332.0,6.981,6601.0,138.797
Spain,ESP,2022-05-13,345.0,7.254,6643.0,139.68,330.0,6.939,6635.0,139.512
Spain,ESP,2022-05-14,345.0,7.254,6657.0,139.975,327.0,6.876,6660.0,140.038
Spain,ESP,2022-05-15,364.0,7.654,6938.0,145.883,326.0,6.855,6642.0,139.659
Spain,ESP,2022-05-16,361.0,7.591,7032.0,147.86,326.0,6.855,6653.0,139.89
Spain,ESP,2022-05-17,368.0,7.738,6954.0,146.22,328.0,6.897,6572.0,138.187
Spain,ESP,2022-05-18,360.0,7.57,6844.0,143.907,320.0,6.729,6494.0,136.547
Spain,ESP,2022-05-19,361.0,7.591,6783.0,142.624,330.0,6.939,6450.0,135.622
Spain,ESP,2022-05-20,368.0,7.738,6725.0,141.404,339.0,7.128,6405.0,134.676
Spain,ESP,2022-05-21,366.0,7.696,6719.0,141.278,346.0,7.275,6359.0,133.709
Spain,ESP,2022-05-22,361.0,7.591,7036.0,147.944,329.0,6.918,6278.0,132.005
Spain,ESP,2022-05-23,360.0,7.57,6767.0,142.288,339.0,7.128,6161.0,129.545
Spain,ESP,2022-05-24,370.0,7.78,6641.0,139.638,350.0,7.359,6120.0,128.683
Spain,ESP,2022-05-25,372.0,7.822,6483.0,136.316,345.0,7.254,5975.0,125.634
Spain,ESP,2022-05-26,360.0,7.57,6246.0,131.333,335.0,7.044,5817.0,122.312
Spain,ESP,2022-05-27,356.0,7.485,6239.0,131.185,320.0,6.729,5664.0,119.095
Spain,ESP,2022-05-28,353.0,7.422,6140.0,129.104,308.0,6.476,5497.0,115.584
Spain,ESP,2022-05-29,332.0,6.981,6151.0,129.335,308.0,6.476,5420.0,113.965
Spain,ESP,2022-05-30,337.0,7.086,6072.0,127.674,290.0,6.098,5357.0,112.64
Spain,ESP,2022-05-31,328.0,6.897,5976.0,125.655,276.0,5.803,5291.0,111.252
Spain,ESP,2022-06-01,311.0,6.539,5888.0,123.805,253.0,5.32,5266.0,110.726
Spain,ESP,2022-06-02,326.0,6.855,5893.0,123.91,252.0,5.299,5286.0,111.147
Spain,ESP,2022-06-03,317.0,6.665,5873.0,123.49,254.0,5.341,5300.0,111.441
Spain,ESP,2022-06-04,315.0,6.623,5821.0,122.396,257.0,5.404,5317.0,111.799
Spain,ESP,2022-06-05,304.0,6.392,6053.0,127.274,243.0,5.109,5281.0,111.042
Spain,ESP,2022-06-06,314.0,6.602,6090.0,128.052,242.0,5.088,5255.0,110.495
Spain,ESP,2022-06-07,321.0,6.75,6008.0,126.328,240.0,5.046,5298.0,111.399
Spain,ESP,2022-06-08,311.0,6.539,5855.0,123.111,244.0,5.131,5327.0,112.009
Spain,ESP,2022-06-09,320.0,6.729,5858.0,123.174,240.0,5.046,5393.0,113.397
Spain,ESP,2022-06-10,318.0,6.686,5771.0,121.345,237.0,4.983,5467.0,114.953
Spain,ESP,2022-06-11,316.0,6.644,5714.0,120.146,230.0,4.836,5532.0,116.32
Spain,ESP,2022-06-12,333.0,7.002,6237.0,131.143,245.0,5.152,5693.0,119.705
Spain,ESP,2022-06-13,337.0,7.086,6193.0,130.218,255.0,5.362,5759.0,121.093
Spain,ESP,2022-06-14,350.0,7.359,6304.0,132.552,257.0,5.404,5834.0,122.67
Spain,ESP,2022-06-15,339.0,7.128,6399.0,134.55,258.0,5.425,5960.0,125.319
Spain,ESP,2022-06-16,332.0,6.981,6538.0,137.472,254.0,5.341,6047.0,127.148
Spain,ESP,2022-06-17,327.0,6.876,6498.0,136.631,250.0,5.257,6134.0,128.978
Spain,ESP,2022-06-18,326.0,6.855,6408.0,134.739,248.0,5.215,6219.0,130.765
Spain,ESP,2022-06-19,352.0,7.401,7234.0,152.107,268.0,5.635,6350.0,133.519
Spain,ESP,2022-06-20,361.0,7.591,7418.0,155.976,282.0,5.93,6650.0,139.827
Spain,ESP,2022-06-21,370.0,7.78,7477.0,157.216,285.0,5.993,6912.0,145.336
Spain,ESP,2022-06-22,386.0,8.116,7745.0,162.852,311.0,6.539,7200.0,151.392
Spain,ESP,2022-06-23,410.0,8.621,7764.0,163.251,348.0,7.317,7535.0,158.436
Spain,ESP,2022-06-24,406.0,8.537,7693.0,161.758,380.0,7.99,7847.0,164.996
Spain,ESP,2022-06-25,404.0,8.495,7644.0,160.728,411.0,8.642,8161.0,171.599
Spain,ESP,2022-06-26,421.0,8.852,8763.0,184.257,413.0,8.684,8562.0,180.03
Spain,ESP,2022-06-27,429.0,9.02,9355.0,196.705,426.0,8.957,8878.0,186.675
Spain,ESP,2022-06-28,412.0,8.663,9474.0,199.207,427.0,8.978,9150.0,192.394
Spain,ESP,2022-06-29,442.0,9.294,9706.0,204.085,460.0,9.672,9419.0,198.05
Spain,ESP,2022-06-30,438.0,9.21,9772.0,205.473,458.0,9.63,9617.0,202.214
Spain,ESP,2022-07-01,448.0,9.42,9770.0,205.431,463.0,9.735,9832.0,206.734
Spain,ESP,2022-07-02,448.0,9.42,9723.0,204.442,469.0,9.862,10049.0,211.297
Spain,ESP,2022-07-03,487.0,10.24,10956.0,230.368,495.0,10.408,10191.0,214.283
Spain,ESP,2022-07-04,494.0,10.387,11138.0,234.195,486.0,10.219,10345.0,217.521
Spain,ESP,2022-07-05,487.0,10.24,11431.0,240.356,499.0,10.492,10661.0,224.165
Spain,ESP,2022-07-06,505.0,10.618,11419.0,240.104,491.0,10.324,10737.0,225.763
Spain,ESP,2022-07-07,490.0,10.303,11420.0,240.125,487.0,10.24,10824.0,227.593
Spain,ESP,2022-07-08,484.0,10.177,11278.0,237.139,473.0,9.946,10886.0,228.896
Spain,ESP,2022-07-09,460.0,9.672,11016.0,231.63,456.0,9.588,10915.0,229.506
Spain,ESP,2022-07-10,500.0,10.513,12156.0,255.6,439.0,9.231,10826.0,227.635
Spain,ESP,2022-07-11,485.0,10.198,11539.0,242.627,452.0,9.504,10707.0,225.133
Spain,ESP,2022-07-12,506.0,10.639,11411.0,239.935,468.0,9.84,10454.0,219.813
Spain,ESP,2022-07-13,509.0,10.703,11010.0,231.504,458.0,9.63,10317.0,216.932
Spain,ESP,2022-07-14,492.0,10.345,10806.0,227.214,458.0,9.63,10157.0,213.568
Spain,ESP,2022-07-15,494.0,10.387,10703.0,225.049,467.0,9.819,10032.0,210.94
Spain,ESP,2022-07-16,493.0,10.366,10509.0,220.969,477.0,10.03,9914.0,208.458
Spain,ESP,2022-07-17,533.0,11.207,10722.0,225.448,473.0,9.946,9640.0,202.697
Spain,ESP,2022-07-18,522.0,10.976,10477.0,220.296,449.0,9.441,9397.0,197.588
Spain,ESP,2022-07-19,503.0,10.576,10292.0,216.407,432.0,9.084,9182.0,193.067
Spain,ESP,2022-07-20,513.0,10.787,9816.0,206.398,432.0,9.084,8921.0,187.579
Spain,ESP,2022-07-21,507.0,10.661,9402.0,197.693,425.0,8.936,8692.0,182.764
Spain,ESP,2022-07-22,506.0,10.639,9257.0,194.644,421.0,8.852,8400.0,176.624
Spain,ESP,2022-07-23,505.0,10.618,8995.0,189.135,421.0,8.852,8113.0,170.589
Spain,ESP,2022-07-24,508.0,10.682,8962.0,188.441,408.0,8.579,7921.0,166.552
Spain,ESP,2022-07-25,492.0,10.345,8648.0,181.839,403.0,8.474,7630.0,160.434
Spain,ESP,2022-07-26,472.0,9.925,8220.0,172.839,399.0,8.39,7327.0,154.062
Spain,ESP,2022-07-27,456.0,9.588,7890.0,165.9,370.0,7.78,7110.0,149.5
Spain,ESP,2022-07-28,449.0,9.441,7535.0,158.436,353.0,7.422,6766.0,142.266
Spain,ESP,2022-07-29,442.0,9.294,7458.0,156.817,331.0,6.96,6467.0,135.98
Spain,ESP,2022-07-30,441.0,9.273,7456.0,156.775,308.0,6.476,6198.0,130.323
Spain,ESP,2022-07-31,429.0,9.02,7328.0,154.083,300.0,6.308,5937.0,124.835
Spain,ESP,2022-08-01,415.0,8.726,6695.0,140.774,303.0,6.371,5745.0,120.798
Spain,ESP,2022-08-02,389.0,8.179,6462.0,135.874,284.0,5.972,5437.0,114.322
Spain,ESP,2022-08-03,383.0,8.053,6066.0,127.548,277.0,5.824,5135.0,107.972
Spain,ESP,2022-08-04,364.0,7.654,5692.0,119.684,267.0,5.614,4955.0,104.187
Spain,ESP,2022-08-05,367.0,7.717,5643.0,118.654,259.0,5.446,4770.0,100.297
Spain,ESP,2022-08-06,367.0,7.717,5592.0,117.581,249.0,5.236,4595.0,96.618
Spain,ESP,2022-08-07,374.0,7.864,5422.0,114.007,234.0,4.92,4412.0,92.77
Spain,ESP,2022-08-08,389.0,8.179,5432.0,114.217,213.0,4.479,4215.0,88.627
Spain,ESP,2022-08-09,367.0,7.717,5200.0,109.339,213.0,4.479,4051.0,85.179
Spain,ESP,2022-08-10,366.0,7.696,4933.0,103.725,212.0,4.458,3927.0,82.572
Spain,ESP,2022-08-11,344.0,7.233,4594.0,96.597,216.0,4.542,3774.0,79.355
Spain,ESP,2022-08-12,342.0,7.191,4656.0,97.9,221.0,4.647,3643.0,76.6
Spain,ESP,2022-08-13,341.0,7.17,4570.0,96.092,226.0,4.752,3505.0,73.699
Spain,ESP,2022-08-14,335.0,7.044,4517.0,94.978,231.0,4.857,3362.0,70.692
Spain,ESP,2022-08-15,305.0,6.413,4272.0,89.826,232.0,4.878,3245.0,68.232
Spain,ESP,2022-08-16,312.0,6.56,4422.0,92.98,225.0,4.731,3191.0,67.096
Spain,ESP,2022-08-17,294.0,6.182,4182.0,87.934,210.0,4.416,3131.0,65.835
Spain,ESP,2022-08-18,282.0,5.93,3915.0,82.319,200.0,4.205,3069.0,64.531
Spain,ESP,2022-08-19,283.0,5.951,3862.0,81.205,188.0,3.953,3005.0,63.185
Spain,ESP,2022-08-20,283.0,5.951,3835.0,80.637,177.0,3.722,2946.0,61.945
Spain,ESP,2022-08-21,268.0,5.635,3764.0,79.144,166.0,3.49,2904.0,61.061
Spain,ESP,2022-08-22,254.0,5.341,3640.0,76.537,167.0,3.511,2873.0,60.41
Spain,ESP,2022-08-23,247.0,5.194,3396.0,71.407,167.0,3.511,2758.0,57.992
Spain,ESP,2022-08-24,241.0,5.067,3269.0,68.736,176.0,3.701,2675.0,56.246
Spain,ESP,2022-08-25,212.0,4.458,3154.0,66.318,174.0,3.659,2651.0,55.742
Spain,ESP,2022-08-26,213.0,4.479,3134.0,65.898,172.0,3.617,2622.0,55.132
Spain,ESP,2022-08-27,216.0,4.542,3126.0,65.729,172.0,3.617,2593.0,54.522
Spain,ESP,2022-08-28,222.0,4.668,3133.0,65.877,172.0,3.617,2516.0,52.903
Spain,ESP,2022-08-29,223.0,4.689,3081.0,64.783,167.0,3.511,2412.0,50.716
Spain,ESP,2022-08-30,211.0,4.437,2932.0,61.65,159.0,3.343,2365.0,49.728
Spain,ESP,2022-08-31,203.0,4.268,2821.0,59.316,150.0,3.154,2315.0,48.677
Spain,ESP,2022-09-01,215.0,4.521,2680.0,56.351,151.0,3.175,2214.0,46.553
Spain,ESP,2022-09-02,223.0,4.689,2673.0,56.204,153.0,3.217,2123.0,44.64
Spain,ESP,2022-09-03,224.0,4.71,2665.0,56.036,154.0,3.238,2040.0,42.894
Spain,ESP,2022-09-04,199.0,4.184,2685.0,56.457,146.0,3.07,2018.0,42.432
Spain,ESP,2022-09-05,192.0,4.037,2520.0,52.987,137.0,2.881,1988.0,41.801
Spain,ESP,2022-09-06,177.0,3.722,2420.0,50.885,125.0,2.628,1964.0,41.296
Spain,ESP,2022-09-07,181.0,3.806,2375.0,49.938,122.0,2.565,1933.0,40.645
Spain,ESP,2022-09-08,176.0,3.701,2387.0,50.191,118.0,2.481,1968.0,41.381
Spain,ESP,2022-09-09,172.0,3.617,2364.0,49.707,113.0,2.376,1996.0,41.969
Spain,ESP,2022-09-10,168.0,3.532,2349.0,49.392,107.0,2.25,2018.0,42.432
Spain,ESP,2022-09-11,166.0,3.49,2392.0,50.296,109.0,2.292,1951.0,41.023
Spain,ESP,2022-09-12,158.0,3.322,2319.0,48.761,115.0,2.418,1982.0,41.675
Spain,ESP,2022-09-13,142.0,2.986,2351.0,49.434,116.0,2.439,2011.0,42.285
Spain,ESP,2022-09-14,146.0,3.07,2289.0,48.13,117.0,2.46,1991.0,41.864
Spain,ESP,2022-09-15,144.0,3.028,2221.0,46.7,119.0,2.502,1942.0,40.834
Spain,ESP,2022-09-16,151.0,3.175,2232.0,46.932,123.0,2.586,1901.0,39.972
Spain,ESP,2022-09-17,151.0,3.175,2212.0,46.511,125.0,2.628,1862.0,39.152
Spain,ESP,2022-09-18,156.0,3.28,2294.0,48.235,127.0,2.67,1907.0,40.098
Spain,ESP,2022-09-19,149.0,3.133,2206.0,46.385,121.0,2.544,1855.0,39.004
Spain,ESP,2022-09-20,138.0,2.902,2120.0,44.577,123.0,2.586,1804.0,37.932
Spain,ESP,2022-09-21,129.0,2.712,2075.0,43.63,118.0,2.481,1796.0,37.764
Spain,ESP,2022-09-22,129.0,2.712,1982.0,41.675,114.0,2.397,1794.0,37.722
Spain,ESP,2022-09-23,130.0,2.733,1953.0,41.065,109.0,2.292,1780.0,37.427
Spain,ESP,2022-09-24,136.0,2.86,1967.0,41.359,105.0,2.208,1775.0,37.322
Spain,ESP,2022-09-25,139.0,2.923,2079.0,43.714,101.0,2.124,1745.0,36.692
Spain,ESP,2022-09-26,143.0,3.007,2135.0,44.892,112.0,2.355,1749.0,36.776
Spain,ESP,2022-09-27,127.0,2.67,2110.0,44.366,116.0,2.439,1769.0,37.196
Spain,ESP,2022-09-28,133.0,2.797,2101.0,44.177,113.0,2.376,1788.0,37.596
Spain,ESP,2022-09-29,141.0,2.965,2128.0,44.745,119.0,2.502,1857.0,39.047
Spain,ESP,2022-09-30,141.0,2.965,2132.0,44.829,126.0,2.649,1939.0,40.771
Spain,ESP,2022-10-01,138.0,2.902,2118.0,44.535,134.0,2.818,2011.0,42.285
Spain,ESP,2022-10-02,136.0,2.86,2316.0,48.698,135.0,2.839,2104.0,44.24
Spain,ESP,2022-10-03,142.0,2.986,2383.0,50.107,134.0,2.818,2202.0,46.301
Spain,ESP,2022-10-04,130.0,2.733,2492.0,52.398,128.0,2.691,2337.0,49.139
Spain,ESP,2022-10-05,129.0,2.712,2578.0,54.207,128.0,2.691,2419.0,50.864
Spain,ESP,2022-10-06,140.0,2.944,2601.0,54.69,125.0,2.628,2443.0,51.368
Spain,ESP,2022-10-07,141.0,2.965,2577.0,54.186,124.0,2.607,2467.0,51.873
Spain,ESP,2022-10-08,139.0,2.923,2553.0,53.681,119.0,2.502,2487.0,52.293
Spain,ESP,2022-10-09,158.0,3.322,2835.0,59.611,126.0,2.649,2585.0,54.354
Spain,ESP,2022-10-10,155.0,3.259,2861.0,60.157,123.0,2.586,2631.0,55.321
Spain,ESP,2022-10-11,158.0,3.322,2879.0,60.536,132.0,2.776,2646.0,55.637
Spain,ESP,2022-10-12,174.0,3.659,3039.0,63.9,142.0,2.986,2663.0,55.994
Spain,ESP,2022-10-13,172.0,3.617,3010.0,63.29,146.0,3.07,2743.0,57.676
Spain,ESP,2022-10-14,174.0,3.659,3002.0,63.122,148.0,3.112,2816.0,59.211
Spain,ESP,2022-10-15,175.0,3.68,2999.0,63.059,154.0,3.238,2892.0,60.809
Spain,ESP,2022-10-16,170.0,3.575,3174.0,66.739,153.0,3.217,2883.0,60.62
Spain,ESP,2022-10-17,166.0,3.49,3217.0,67.643,154.0,3.238,2867.0,60.283
Spain,ESP,2022-10-18,172.0,3.617,3175.0,66.76,160.0,3.364,2849.0,59.905
Spain,ESP,2022-10-19,175.0,3.68,3181.0,66.886,157.0,3.301,2915.0,61.293
Spain,ESP,2022-10-20,178.0,3.743,3111.0,65.414,161.0,3.385,2897.0,60.914
Spain,ESP,2022-10-21,180.0,3.785,3085.0,64.867,164.0,3.448,2860.0,60.136
Spain,ESP,2022-10-22,179.0,3.764,3083.0,64.825,166.0,3.49,2820.0,59.295
Spain,ESP,2022-10-23,170.0,3.575,3120.0,65.603,161.0,3.385,2780.0,58.454
Spain,ESP,2022-10-24,185.0,3.89,3103.0,65.246,163.0,3.427,2816.0,59.211
Spain,ESP,2022-10-25,194.0,4.079,3148.0,66.192,163.0,3.427,2821.0,59.316
Spain,ESP,2022-10-26,188.0,3.953,3148.0,66.192,167.0,3.511,2760.0,58.034
Spain,ESP,2022-10-27,176.0,3.701,3083.0,64.825,160.0,3.364,2730.0,57.403
Spain,ESP,2022-10-28,175.0,3.68,3073.0,64.615,153.0,3.217,2716.0,57.108
Spain,ESP,2022-10-29,173.0,3.638,3053.0,64.194,144.0,3.028,2713.0,57.045
Spain,ESP,2022-10-30,171.0,3.596,3114.0,65.477,152.0,3.196,2688.0,56.52
Spain,ESP,2022-10-31,159.0,3.343,2806.0,59.001,148.0,3.112,2583.0,54.312
Spain,ESP,2022-11-01,179.0,3.764,3141.0,66.045,149.0,3.133,2563.0,53.891
Spain,ESP,2022-11-02,193.0,4.058,3135.0,65.919,154.0,3.238,2570.0,54.039
Spain,ESP,2022-11-03,185.0,3.89,3134.0,65.898,154.0,3.238,2588.0,54.417
Spain,ESP,2022-11-04,186.0,3.911,3121.0,65.624,151.0,3.175,2607.0,54.817
Spain,ESP,2022-11-05,185.0,3.89,3060.0,64.342,151.0,3.175,2617.0,55.027
Spain,ESP,2022-11-06,195.0,4.1,3121.0,65.624,149.0,3.133,2635.0,55.405
Spain,ESP,2022-11-07,207.0,4.353,3076.0,64.678,153.0,3.217,2716.0,57.108
Spain,ESP,2022-11-08,212.0,4.458,3070.0,64.552,156.0,3.28,2747.0,57.76
Spain,ESP,2022-11-09,210.0,4.416,3115.0,65.498,150.0,3.154,2805.0,58.98
Spain,ESP,2022-11-10,194.0,4.079,3089.0,64.951,152.0,3.196,2763.0,58.097
Spain,ESP,2022-11-11,194.0,4.079,3070.0,64.552,155.0,3.259,2724.0,57.277
Spain,ESP,2022-11-12,192.0,4.037,3047.0,64.068,158.0,3.322,2689.0,56.541
Spain,ESP,2022-11-13,198.0,4.163,3427.0,72.058,162.0,3.406,2793.0,58.728
Spain,ESP,2022-11-14,196.0,4.121,3528.0,74.182,169.0,3.554,2880.0,60.557
Spain,ESP,2022-11-15,185.0,3.89,3548.0,74.603,168.0,3.532,2951.0,62.05
Spain,ESP,2022-11-16,192.0,4.037,3566.0,74.981,174.0,3.659,3005.0,63.185
Spain,ESP,2022-11-17,194.0,4.079,3547.0,74.582,181.0,3.806,3144.0,66.108
Spain,ESP,2022-11-18,192.0,4.037,3524.0,74.098,187.0,3.932,3266.0,68.673
Spain,ESP,2022-11-19,189.0,3.974,3513.0,73.867,192.0,4.037,3380.0,71.07
Spain,ESP,2022-11-20,221.0,4.647,3691.0,77.609,196.0,4.121,3307.0,69.535
Spain,ESP,2022-11-21,215.0,4.521,3580.0,75.276,194.0,4.079,3232.0,67.958
Spain,ESP,2022-11-22,214.0,4.5,3585.0,75.381,192.0,4.037,3210.0,67.496
Spain,ESP,2022-11-23,216.0,4.542,3582.0,75.318,185.0,3.89,3216.0,67.622
Spain,ESP,2022-11-24,223.0,4.689,3521.0,74.035,189.0,3.974,3151.0,66.255
Spain,ESP,2022-11-25,222.0,4.668,3497.0,73.53,192.0,4.037,3105.0,65.288
Spain,ESP,2022-11-26,217.0,4.563,3472.0,73.005,195.0,4.1,3070.0,64.552
Spain,ESP,2022-11-27,217.0,4.563,3608.0,75.864,189.0,3.974,3099.0,65.162
Spain,ESP,2022-11-28,204.0,4.289,3596.0,75.612,183.0,3.848,3172.0,66.697
Spain,ESP,2022-11-29,217.0,4.563,3635.0,76.432,191.0,4.016,3197.0,67.222
Spain,ESP,2022-11-30,228.0,4.794,3608.0,75.864,204.0,4.289,3154.0,66.318
Spain,ESP,2022-12-01,226.0,4.752,3565.0,74.96,200.0,4.205,3203.0,67.348
Spain,ESP,2022-12-02,226.0,4.752,3548.0,74.603,200.0,4.205,3247.0,68.274
Spain,ESP,2022-12-03,223.0,4.689,3531.0,74.245,202.0,4.247,3282.0,69.01
Spain,ESP,2022-12-04,225.0,4.731,3742.0,78.682,209.0,4.395,3313.0,69.661
Spain,ESP,2022-12-05,216.0,4.542,3525.0,74.119,216.0,4.542,3270.0,68.757
Spain,ESP,2022-12-06,232.0,4.878,3822.0,80.364,215.0,4.521,3243.0,68.19
Spain,ESP,2022-12-07,232.0,4.878,3850.0,80.953,215.0,4.521,3269.0,68.736
Spain,ESP,2022-12-08,238.0,5.004,4096.0,86.125,218.0,4.584,3282.0,69.01
Spain,ESP,2022-12-09,240.0,5.046,4099.0,86.188,221.0,4.647,3305.0,69.493
Spain,ESP,2022-12-10,235.0,4.941,3908.0,82.172,223.0,4.689,3295.0,69.283
Spain,ESP,2022-12-11,268.0,5.635,4349.0,91.445,233.0,4.899,3373.0,70.923
Spain,ESP,2022-12-12,260.0,5.467,4292.0,90.246,233.0,4.899,3433.0,72.185
Spain,ESP,2022-12-13,260.0,5.467,4260.0,89.574,229.0,4.815,3504.0,73.677
Spain,ESP,2022-12-14,268.0,5.635,4150.0,87.261,231.0,4.857,3524.0,74.098
Spain,ESP,2022-12-15,254.0,5.341,4095.0,86.104,226.0,4.752,3539.0,74.413
Spain,ESP,2022-12-16,256.0,5.383,4109.0,86.399,220.0,4.626,3562.0,74.897
Spain,ESP,2022-12-17,255.0,5.362,4112.0,86.462,213.0,4.479,3613.0,75.969
Spain,ESP,2022-12-18,265.0,5.572,4273.0,89.847,197.0,4.142,3471.0,72.984
Spain,ESP,2022-12-19,260.0,5.467,4130.0,86.84,202.0,4.247,3432.0,72.164
Spain,ESP,2022-12-20,243.0,5.109,3936.0,82.761,197.0,4.142,3354.0,70.523
Spain,ESP,2022-12-21,232.0,4.878,3861.0,81.184,191.0,4.016,3302.0,69.43
Spain,ESP,2022-12-22,246.0,5.173,3623.0,76.18,194.0,4.079,3225.0,67.811
Spain,ESP,2022-12-23,248.0,5.215,3601.0,75.717,200.0,4.205,3124.0,65.687
Spain,ESP,2022-12-24,249.0,5.236,3607.0,75.843,203.0,4.268,3035.0,63.816
Spain,ESP,2022-12-25,246.0,5.173,3604.0,75.78,206.0,4.331,3027.0,63.648
Spain,ESP,2022-12-26,238.0,5.004,3568.0,75.023,195.0,4.1,3035.0,63.816
Spain,ESP,2022-12-27,235.0,4.941,3538.0,74.392,196.0,4.121,3023.0,63.564
Spain,ESP,2022-12-28,237.0,4.983,3477.0,73.11,196.0,4.121,3046.0,64.047
Spain,ESP,2022-12-29,233.0,4.899,3442.0,72.374,188.0,3.953,3048.0,64.089
Spain,ESP,2022-12-30,236.0,4.962,3425.0,72.016,179.0,3.764,3058.0,64.3
Spain,ESP,2022-12-31,235.0,4.941,3409.0,71.68,174.0,3.659,3059.0,64.321
Spain,ESP,2023-01-01,228.0,4.794,3301.0,69.409,172.0,3.617,2998.0,63.038
Spain,ESP,2023-01-02,233.0,4.899,3396.0,71.407,177.0,3.722,3014.0,63.374
Spain,ESP,2023-01-03,229.0,4.815,3432.0,72.164,179.0,3.764,3036.0,63.837
Spain,ESP,2023-01-04,224.0,4.71,3417.0,71.848,176.0,3.701,3005.0,63.185
Spain,ESP,2023-01-05,222.0,4.668,3403.0,71.554,180.0,3.785,3021.0,63.522
Spain,ESP,2023-01-06,226.0,4.752,3406.0,71.617,183.0,3.848,3027.0,63.648
Spain,ESP,2023-01-07,226.0,4.752,3407.0,71.638,186.0,3.911,3042.0,63.963
Spain,ESP,2023-01-08,232.0,4.878,3585.0,75.381,184.0,3.869,3197.0,67.222
Spain,ESP,2023-01-09,224.0,4.71,3544.0,74.519,175.0,3.68,3146.0,66.15
Spain,ESP,2023-01-10,229.0,4.815,3369.0,70.839,172.0,3.617,3066.0,64.468
Spain,ESP,2023-01-11,223.0,4.689,3283.0,69.031,168.0,3.532,3014.0,63.374
Spain,ESP,2023-01-12,220.0,4.626,3133.0,65.877,162.0,3.406,2902.0,61.019
Spain,ESP,2023-01-13,219.0,4.605,3114.0,65.477,156.0,3.28,2797.0,58.812
Spain,ESP,2023-01-14,216.0,4.542,3115.0,65.498,149.0,3.133,2694.0,56.646
Spain,ESP,2023-01-15,217.0,4.563,3070.0,64.552,142.0,2.986,2525.0,53.092
Spain,ESP,2023-01-16,222.0,4.668,2983.0,62.723,148.0,3.112,2426.0,51.011
Spain,ESP,2023-01-17,212.0,4.458,2799.0,58.854,140.0,2.944,2350.0,49.413
Spain,ESP,2023-01-18,213.0,4.479,2690.0,56.562,138.0,2.902,2246.0,47.226
Spain,ESP,2023-01-19,200.0,4.205,2601.0,54.69,129.0,2.712,2152.0,45.249
Spain,ESP,2023-01-20,199.0,4.184,2596.0,54.585,120.0,2.523,2061.0,43.336
Spain,ESP,2023-01-21,199.0,4.184,2596.0,54.585,112.0,2.355,1970.0,41.423
Spain,ESP,2023-01-22,197.0,4.142,2510.0,52.777,111.0,2.334,1854.0,38.983
Spain,ESP,2023-01-23,189.0,3.974,2396.0,50.38,100.0,2.103,1750.0,36.797
Spain,ESP,2023-01-24,178.0,3.743,2311.0,48.593,94.0,1.977,1712.0,35.998
Spain,ESP,2023-01-25,177.0,3.722,2163.0,45.481,86.0,1.808,1633.0,34.337
Spain,ESP,2023-01-26,172.0,3.617,2116.0,44.492,89.0,1.871,1622.0,34.105
Spain,ESP,2023-01-27,171.0,3.596,2104.0,44.24,89.0,1.871,1608.0,33.811
Spain,ESP,2023-01-28,170.0,3.575,2103.0,44.219,89.0,1.871,1595.0,33.538
Spain,ESP,2023-01-29,168.0,3.532,2112.0,44.408,94.0,1.977,1620.0,34.063
Spain,ESP,2023-01-30,164.0,3.448,2022.0,42.516,98.0,2.061,1595.0,33.538
Spain,ESP,2023-01-31,153.0,3.217,1973.0,41.486,107.0,2.25,1535.0,32.276
Spain,ESP,2023-02-01,149.0,3.133,1902.0,39.993,109.0,2.292,1534.0,32.255
Spain,ESP,2023-02-02,138.0,2.902,1863.0,39.173,106.0,2.229,1517.0,31.897
Spain,ESP,2023-02-03,135.0,2.839,1844.0,38.773,104.0,2.187,1498.0,31.498
Spain,ESP,2023-02-04,136.0,2.86,1842.0,38.731,102.0,2.145,1475.0,31.014
Spain,ESP,2023-02-05,132.0,2.776,1863.0,39.173,89.0,1.871,1424.0,29.942
Spain,ESP,2023-02-06,122.0,2.565,1859.0,39.089,77.0,1.619,1424.0,29.942
Spain,ESP,2023-02-07,113.0,2.376,1836.0,38.605,67.0,1.409,1421.0,29.879
Spain,ESP,2023-02-08,112.0,2.355,1768.0,37.175,59.0,1.241,1396.0,29.353
Spain,ESP,2023-02-09,109.0,2.292,1745.0,36.692,57.0,1.199,1362.0,28.638
Spain,ESP,2023-02-10,109.0,2.292,1754.0,36.881,57.0,1.199,1330.0,27.965
Spain,ESP,2023-02-11,109.0,2.292,1756.0,36.923,56.0,1.177,1300.0,27.335
Spain,ESP,2023-02-12,114.0,2.397,1821.0,38.29,60.0,1.262,1310.0,27.545
Spain,ESP,2023-02-13,121.0,2.544,1765.0,37.112,73.0,1.535,1294.0,27.209
Spain,ESP,2023-02-14,126.0,2.649,1759.0,36.986,79.0,1.661,1296.0,27.251
Spain,ESP,2023-02-15,116.0,2.439,1706.0,35.872,84.0,1.766,1305.0,27.44
Spain,ESP,2023-02-16,112.0,2.355,1686.0,35.451,86.0,1.808,1317.0,27.692
Spain,ESP,2023-02-17,112.0,2.355,1679.0,35.304,88.0,1.85,1331.0,27.987
Spain,ESP,2023-02-18,114.0,2.397,1676.0,35.241,90.0,1.892,1345.0,28.281
Spain,ESP,2023-02-19,106.0,2.229,1790.0,37.638,89.0,1.871,1356.0,28.512
Spain,ESP,2023-02-20,97.0,2.04,1798.0,37.806,78.0,1.64,1393.0,29.29
Spain,ESP,2023-02-21,95.0,1.998,1782.0,37.47,70.0,1.472,1380.0,29.017
Spain,ESP,2023-02-22,95.0,1.998,1791.0,37.659,74.0,1.556,1394.0,29.311
Spain,ESP,2023-02-23,91.0,1.913,1796.0,37.764,74.0,1.556,1396.0,29.353
Spain,ESP,2023-02-24,90.0,1.892,1798.0,37.806,74.0,1.556,1394.0,29.311
Spain,ESP,2023-02-25,91.0,1.913,1800.0,37.848,74.0,1.556,1393.0,29.29
Spain,ESP,2023-02-26,90.0,1.892,1871.0,39.341,70.0,1.472,1403.0,29.5
Spain,ESP,2023-02-27,90.0,1.892,1798.0,37.806,70.0,1.472,1353.0,28.449
Spain,ESP,2023-02-28,97.0,2.04,1768.0,37.175,73.0,1.535,1376.0,28.933
Spain,ESP,2023-03-01,84.0,1.766,1744.0,36.671,69.0,1.451,1375.0,28.912
Spain,ESP,2023-03-02,93.0,1.955,1722.0,36.208,74.0,1.556,1398.0,29.395
Spain,ESP,2023-03-03,94.0,1.977,1718.0,36.124,78.0,1.64,1427.0,30.005
Spain,ESP,2023-03-04,94.0,1.977,1720.0,36.166,83.0,1.745,1451.0,30.51
Spain,ESP,2023-03-05,98.0,2.061,1791.0,37.659,92.0,1.934,1460.0,30.699
Spain,ESP,2023-03-06,96.0,2.019,1824.0,38.353,96.0,2.019,1535.0,32.276
Spain,ESP,2023-03-07,106.0,2.229,1853.0,38.962,105.0,2.208,1576.0,33.138
Spain,ESP,2023-03-08,93.0,1.955,1912.0,40.203,105.0,2.208,1659.0,34.883
Spain,ESP,2023-03-09,87.0,1.829,1974.0,41.507,98.0,2.061,1733.0,36.439
Spain,ESP,2023-03-10,87.0,1.829,1979.0,41.612,91.0,1.913,1808.0,38.016
Spain,ESP,2023-03-11,88.0,1.85,1978.0,41.591,82.0,1.724,1880.0,39.53
Spain,ESP,2023-03-12,97.0,2.04,2181.0,45.859,78.0,1.64,1923.0,40.434
Spain,ESP,2023-03-13,99.0,2.082,2155.0,45.312,80.0,1.682,1918.0,40.329
Spain,ESP,2023-03-14,96.0,2.019,2095.0,44.051,74.0,1.556,1875.0,39.425
Spain,ESP,2023-03-15,91.0,1.913,2045.0,43.0,74.0,1.556,1815.0,38.163
Spain,ESP,2023-03-16,95.0,1.998,1973.0,41.486,79.0,1.661,1744.0,36.671
Spain,ESP,2023-03-17,94.0,1.977,1967.0,41.359,85.0,1.787,1671.0,35.136
Spain,ESP,2023-03-18,94.0,1.977,1976.0,41.549,92.0,1.934,1607.0,33.79
Spain,ESP,2023-03-19,98.0,2.061,1990.0,41.843,99.0,2.082,1573.0,33.075
Spain,ESP,2023-03-20,108.0,2.271,1921.0,40.392,96.0,2.019,1566.0,32.928
Spain,ESP,2023-03-21,108.0,2.271,1873.0,39.383,94.0,1.977,1596.0,33.559
Spain,ESP,2023-03-22,103.0,2.166,1857.0,39.047,95.0,1.998,1609.0,33.832
Spain,ESP,2023-03-23,112.0,2.355,1831.0,38.5,91.0,1.913,1621.0,34.084
Spain,ESP,2023-03-24,113.0,2.376,1820.0,38.269,87.0,1.829,1626.0,34.189
Spain,ESP,2023-03-25,114.0,2.397,1815.0,38.163,84.0,1.766,1625.0,34.168
Spain,ESP,2023-03-26,104.0,2.187,1946.0,40.918,79.0,1.661,1629.0,34.252
Spain,ESP,2023-03-27,104.0,2.187,1975.0,41.528,80.0,1.682,1668.0,35.072
Spain,ESP,2023-03-28,99.0,2.082,1962.0,41.254,82.0,1.724,1662.0,34.946
Spain,ESP,2023-03-29,100.0,2.103,1948.0,40.96,77.0,1.619,1671.0,35.136
Spain,ESP,2023-03-30,92.0,1.934,1907.0,40.098,75.0,1.577,1662.0,34.946
Spain,ESP,2023-03-31,92.0,1.934,1903.0,40.014,72.0,1.514,1659.0,34.883
Spain,ESP,2023-04-01,92.0,1.934,1909.0,40.14,69.0,1.451,1665.0,35.009
Spain,ESP,2023-04-02,90.0,1.892,1918.0,40.329,65.0,1.367,1638.0,34.442
Spain,ESP,2023-04-03,94.0,1.977,1918.0,40.329,63.0,1.325,1592.0,33.474
Spain,ESP,2023-04-04,102.0,2.145,1829.0,38.458,61.0,1.283,1576.0,33.138
Spain,ESP,2023-04-05,101.0,2.124,1794.0,37.722,62.0,1.304,1557.0,32.739
Spain,ESP,2023-04-06,101.0,2.124,1794.0,37.722,64.0,1.346,1569.0,32.991
Spain,ESP,2023-04-07,101.0,2.124,1793.0,37.701,66.0,1.388,1582.0,33.264
Spain,ESP,2023-04-08,101.0,2.124,1793.0,37.701,68.0,1.43,1590.0,33.432
Spain,ESP,2023-04-09,107.0,2.25,1844.0,38.773,71.0,1.493,1664.0,34.988
Spain,ESP,2023-04-10,106.0,2.229,2053.0,43.168,72.0,1.514,1750.0,36.797
Spain,ESP,2023-04-11,108.0,2.271,2085.0,43.841,76.0,1.598,1801.0,37.869
Spain,ESP,2023-04-12,112.0,2.355,2030.0,42.684,82.0,1.724,1832.0,38.521
Spain,ESP,2023-04-13,109.0,2.292,2014.0,42.348,86.0,1.808,1856.0,39.026
Spain,ESP,2023-04-14,110.0,2.313,2026.0,42.6,90.0,1.892,1876.0,39.446
Spain,ESP,2023-04-15,109.0,2.292,2025.0,42.579,94.0,1.977,1895.0,39.846
Spain,ESP,2023-04-16,105.0,2.208,2217.0,46.616,92.0,1.934,1917.0,40.308
Spain,ESP,2023-04-17,106.0,2.229,2253.0,47.373,93.0,1.955,1896.0,39.867
Spain,ESP,2023-04-18,108.0,2.271,2232.0,46.932,92.0,1.934,1904.0,40.035
Spain,ESP,2023-04-19,105.0,2.208,2214.0,46.553,92.0,1.934,1919.0,40.35
Spain,ESP,2023-04-20,110.0,2.313,2229.0,46.868,94.0,1.977,1969.0,41.402
Spain,ESP,2023-04-21,110.0,2.313,2231.0,46.911,96.0,2.019,2025.0,42.579
Spain,ESP,2023-04-22,111.0,2.334,2231.0,46.911,98.0,2.061,2076.0,43.651
Spain,ESP,2023-04-23,120.0,2.523,2338.0,49.16,103.0,2.166,2087.0,43.883
Spain,ESP,2023-04-24,112.0,2.355,2344.0,49.287,105.0,2.208,2091.0,43.967
Spain,ESP,2023-04-25,100.0,2.103,2314.0,48.656,100.0,2.103,2096.0,44.072
Spain,ESP,2023-04-26,97.0,2.04,2273.0,47.794,95.0,1.998,2071.0,43.546
Spain,ESP,2023-04-27,96.0,2.019,2225.0,46.784,91.0,1.913,2034.0,42.768
Spain,ESP,2023-04-28,96.0,2.019,2234.0,46.974,87.0,1.829,2004.0,42.137
Spain,ESP,2023-04-29,96.0,2.019,2237.0,47.037,84.0,1.766,1979.0,41.612
Spain,ESP,2023-04-30,96.0,2.019,2239.0,47.079,81.0,1.703,1940.0,40.792
Spain,ESP,2023-05-01,95.0,1.998,2298.0,48.319,78.0,1.64,1936.0,40.708
Spain,ESP,2023-05-02,104.0,2.187,2386.0,50.17,85.0,1.787,1975.0,41.528
Spain,ESP,2023-05-03,111.0,2.334,2405.0,50.569,92.0,1.934,2064.0,43.399
Spain,ESP,2023-05-04,119.0,2.502,2327.0,48.929,96.0,2.019,2101.0,44.177
Spain,ESP,2023-05-05,119.0,2.502,2322.0,48.824,99.0,2.082,2125.0,44.682
Spain,ESP,2023-05-06,119.0,2.502,2322.0,48.824,101.0,2.124,2150.0,45.207
Spain,ESP,2023-05-07,128.0,2.691,2339.0,49.181,112.0,2.355,2201.0,46.28
Spain,ESP,2023-05-08,111.0,2.334,2341.0,49.223,111.0,2.334,2233.0,46.953
Spain,ESP,2023-05-09,109.0,2.292,2309.0,48.551,111.0,2.334,2209.0,46.448
Spain,ESP,2023-05-10,111.0,2.334,2291.0,48.172,104.0,2.187,2162.0,45.46
Spain,ESP,2023-05-11,112.0,2.355,2210.0,46.469,103.0,2.166,2103.0,44.219
Spain,ESP,2023-05-12,111.0,2.334,2210.0,46.469,103.0,2.166,2049.0,43.084
Spain,ESP,2023-05-13,111.0,2.334,2212.0,46.511,103.0,2.166,1995.0,41.948
Spain,ESP,2023-05-14,118.0,2.481,2297.0,48.298,105.0,2.208,1951.0,41.023
Spain,ESP,2023-05-15,117.0,2.46,2301.0,48.382,114.0,2.397,1911.0,40.182
Spain,ESP,2023-05-16,107.0,2.25,2304.0,48.445,112.0,2.355,1919.0,40.35
Spain,ESP,2023-05-17,105.0,2.208,2250.0,47.31,117.0,2.46,1918.0,40.329
Spain,ESP,2023-05-18,112.0,2.355,2255.0,47.415,121.0,2.544,1927.0,40.518
Spain,ESP,2023-05-19,112.0,2.355,2251.0,47.331,125.0,2.628,1937.0,40.729
Spain,ESP,2023-05-20,112.0,2.355,2250.0,47.31,130.0,2.733,1946.0,40.918
Spain,ESP,2023-05-21,108.0,2.271,2315.0,48.677,122.0,2.565,1939.0,40.771
Spain,ESP,2023-05-22,117.0,2.46,2295.0,48.256,120.0,2.523,1942.0,40.834
Spain,ESP,2023-05-23,128.0,2.691,2235.0,46.995,129.0,2.712,1903.0,40.014
Spain,ESP,2023-05-24,121.0,2.544,2247.0,47.247,128.0,2.691,1889.0,39.719
Spain,ESP,2023-05-25,118.0,2.481,2282.0,47.983,124.0,2.607,1886.0,39.656
Spain,ESP,2023-05-26,117.0,2.46,2278.0,47.899,120.0,2.523,1884.0,39.614
Spain,ESP,2023-05-27,117.0,2.46,2280.0,47.941,115.0,2.418,1880.0,39.53
Spain,ESP,2023-05-28,126.0,2.649,2410.0,50.674,113.0,2.376,1904.0,40.035
Spain,ESP,2023-05-29,129.0,2.712,2358.0,49.581,113.0,2.376,1868.0,39.278
Spain,ESP,2023-05-30,133.0,2.797,2283.0,48.004,106.0,2.229,1854.0,38.983
Spain,ESP,2023-05-31,136.0,2.86,2217.0,46.616,106.0,2.229,1832.0,38.521
Spain,ESP,2023-06-01,125.0,2.628,2189.0,46.027,103.0,2.166,1830.0,38.479
Spain,ESP,2023-06-02,123.0,2.586,2185.0,45.943,99.0,2.082,1822.0,38.311
Spain,ESP,2023-06-03,122.0,2.565,2259.0,47.499,95.0,1.998,1815.0,38.163
Spain,ESP,2023-06-04,117.0,2.46,2218.0,46.637,95.0,1.998,1782.0,37.47
Spain,ESP,2023-06-05,129.0,2.712,2141.0,45.018,92.0,1.934,1762.0,37.049
Spain,ESP,2023-06-06,121.0,2.544,2030.0,42.684,87.0,1.829,1724.0,36.25
Spain,ESP,2023-06-07,122.0,2.565,1966.0,41.338,85.0,1.787,1668.0,35.072
Spain,ESP,2023-06-08,123.0,2.586,2164.0,45.502,87.0,1.829,1602.0,33.685
Spain,ESP,2023-06-09,124.0,2.607,2162.0,45.46,90.0,1.892,1545.0,32.486
Spain,ESP,2023-06-10,125.0,2.628,2167.0,45.565,93.0,1.955,1494.0,31.414
Spain,ESP,2023-06-11,114.0,2.397,1884.0,39.614,90.0,1.892,1423.0,29.921
