country,age_group,date,people_vaccinated_per_hundred,people_fully_vaccinated_per_hundred,people_with_booster_per_hundred
Spain,10-14,2021-01-08,0.0,0.0,0.0
Spain,10-14,2021-01-15,0.0,0.0,0.0
Spain,10-14,2021-01-22,0.0,0.0,0.0
Spain,10-14,2021-01-29,0.0,0.0,0.0
Spain,10-14,2021-02-05,0.0,0.0,0.0
Spain,10-14,2021-02-12,0.0,0.0,0.0
Spain,10-14,2021-02-19,0.0,0.0,0.0
Spain,10-14,2021-02-26,0.0,0.0,0.0
Spain,10-14,2021-03-05,0.0,0.0,0.0
Spain,10-14,2021-03-12,0.0,0.0,0.0
Spain,10-14,2021-03-19,0.0,0.0,0.0
Spain,10-14,2021-03-26,0.0,0.0,0.0
Spain,10-14,2021-04-02,0.0,0.0,0.0
Spain,10-14,2021-04-09,0.01,0.0,0.0
Spain,10-14,2021-04-16,0.01,0.0,0.0
Spain,10-14,2021-04-23,0.01,0.0,0.0
Spain,10-14,2021-04-30,0.01,0.0,0.0
Spain,10-14,2021-05-07,0.01,0.0,0.0
Spain,10-14,2021-05-14,0.01,0.0,0.0
Spain,10-14,2021-05-21,0.01,0.0,0.0
Spain,10-14,2021-05-28,0.01,0.0,0.0
Spain,10-14,2021-06-04,0.02,0.01,0.0
Spain,10-14,2021-06-11,0.03,0.01,0.0
Spain,10-14,2021-06-18,0.04,0.01,0.0
Spain,10-14,2021-06-25,0.05,0.01,0.0
Spain,10-14,2021-07-02,0.08,0.01,0.0
Spain,10-14,2021-07-09,0.12,0.03,0.0
Spain,10-14,2021-07-16,0.17,0.04,0.0
Spain,10-14,2021-07-23,0.25,0.07,0.0
Spain,10-14,2021-07-30,1.14,0.1,0.0
Spain,10-14,2021-08-06,5.16,0.14,0.0
Spain,10-14,2021-08-13,14.9,0.21,0.0
Spain,10-14,2021-08-20,27.25,0.8,0.0
Spain,10-14,2021-08-27,35.91,3.95,0.0
Spain,10-14,2021-09-03,40.66,12.08,0.0
Spain,10-14,2021-09-10,43.48,23.17,0.0
Spain,10-14,2021-09-17,44.71,31.49,0.0
Spain,10-14,2021-09-24,45.5,35.82,0.01
Spain,10-14,2021-10-01,46.06,38.48,0.01
Spain,10-14,2021-10-08,46.46,39.58,0.02
Spain,10-14,2021-10-15,46.8,40.26,0.02
Spain,10-14,2021-10-22,47.17,40.81,0.03
Spain,10-14,2021-10-29,47.53,41.19,0.03
Spain,10-14,2021-11-05,47.83,41.47,0.04
Spain,10-14,2021-11-12,48.18,41.76,0.04
Spain,10-14,2021-11-19,48.56,42.06,0.05
Spain,10-14,2021-11-26,49.01,42.32,0.06
Spain,10-14,2021-12-03,49.54,42.61,0.07
Spain,10-14,2021-12-10,49.93,42.9,0.08
Spain,10-14,2021-12-17,62.16,43.25,0.09
Spain,10-14,2021-12-24,70.28,43.56,0.1
Spain,10-14,2021-12-31,73.49,43.83,0.11
Spain,10-14,2022-01-07,76.91,44.11,0.12
Spain,10-14,2022-01-14,79.78,44.52,0.12
Spain,10-14,2022-01-21,81.57,44.83,0.13
Spain,10-14,2022-01-28,82.37,45.08,0.14
Spain,10-14,2022-02-04,82.72,45.28,0.15
Spain,10-14,2022-02-11,83.04,53.42,0.17
Spain,10-14,2022-02-18,83.38,60.76,0.18
Spain,10-14,2022-02-25,83.6,63.46,0.19
Spain,10-14,2022-03-04,83.8,65.71,0.2
Spain,10-14,2022-03-11,84.0,67.9,0.21
Spain,10-14,2022-03-18,84.17,69.62,0.21
Spain,10-14,2022-03-25,84.33,71.11,0.22
Spain,10-14,2022-04-01,84.45,72.14,0.23
Spain,10-14,2022-04-08,84.54,72.89,0.24
Spain,10-14,2022-04-15,84.6,73.21,0.25
Spain,10-14,2022-04-22,84.69,73.71,0.25
Spain,10-14,2022-04-29,84.76,74.08,0.26
Spain,10-14,2022-05-06,84.81,74.29,0.26
Spain,10-14,2022-05-13,84.87,74.51,0.27
Spain,10-14,2022-05-20,84.93,74.69,0.28
Spain,10-14,2022-05-27,84.99,74.86,0.29
Spain,10-14,2022-06-03,85.04,74.99,0.3
Spain,10-14,2022-06-10,85.08,75.1,0.32
Spain,10-14,2022-06-17,85.11,75.21,0.33
Spain,10-14,2022-06-24,85.15,75.31,0.35
Spain,10-14,2022-07-01,85.19,75.43,0.36
Spain,10-14,2022-07-08,85.22,75.53,0.38
Spain,10-14,2022-07-15,85.25,75.61,0.4
Spain,10-14,2022-07-22,85.28,75.69,0.41
Spain,10-14,2022-07-29,85.3,75.75,0.42
Spain,10-14,2022-08-05,85.32,75.79,0.42
Spain,10-14,2022-08-12,85.33,75.83,0.43
Spain,10-14,2022-08-19,85.34,75.85,0.43
Spain,10-14,2022-08-26,85.36,75.88,0.44
Spain,10-14,2022-09-02,85.37,75.92,0.44
Spain,10-14,2022-09-09,85.38,75.95,0.45
Spain,10-14,2022-09-16,85.4,75.98,0.45
Spain,10-14,2022-09-23,85.4,76.0,0.45
Spain,10-14,2022-09-30,85.41,76.02,0.45
Spain,10-14,2022-10-07,85.42,76.04,0.46
Spain,10-14,2022-10-14,85.42,76.04,0.46
Spain,10-14,2022-10-21,85.43,76.06,0.47
Spain,10-14,2022-10-28,85.43,76.07,0.48
Spain,10-14,2022-11-04,85.44,76.08,0.5
Spain,10-14,2022-11-11,85.44,76.09,0.52
Spain,10-14,2022-11-18,85.45,76.1,0.53
Spain,10-14,2022-11-25,85.45,76.11,0.55
Spain,10-14,2022-12-02,85.46,76.12,0.57
Spain,10-14,2022-12-09,85.46,76.12,0.58
Spain,10-14,2022-12-16,85.46,76.13,0.59
Spain,10-14,2022-12-23,85.47,76.14,0.61
Spain,10-14,2022-12-30,85.47,76.14,0.63
Spain,10-14,2023-01-06,85.47,76.14,0.64
Spain,10-14,2023-01-13,85.48,76.15,0.66
Spain,10-14,2023-01-20,85.48,76.16,0.71
Spain,10-14,2023-01-27,85.49,76.17,0.73
Spain,10-14,2023-02-03,85.49,76.17,0.75
Spain,10-14,2023-02-10,85.49,76.17,0.77
Spain,10-14,2023-02-17,85.49,76.18,0.78
Spain,10-14,2023-02-24,85.5,76.18,0.79
Spain,10-14,2023-03-03,85.5,76.18,0.79
Spain,10-14,2023-03-10,85.5,76.18,0.8
Spain,10-14,2023-03-17,85.5,76.19,0.8
Spain,10-14,2023-03-24,85.5,76.19,0.8
Spain,10-14,2023-03-31,85.5,76.19,0.81
Spain,10-14,2023-04-07,85.5,76.19,0.81
Spain,10-14,2023-04-14,85.5,76.19,0.81
Spain,10-14,2023-04-21,85.5,76.19,0.81
Spain,10-14,2023-04-28,85.5,76.19,0.81
Spain,10-14,2023-05-05,85.5,76.19,0.81
Spain,10-14,2023-05-12,85.5,76.19,0.82
Spain,10-14,2023-05-19,85.5,76.19,0.82
Spain,10-14,2023-05-26,85.5,76.19,0.82
Spain,10-14,2023-06-02,85.5,76.19,0.82
Spain,10-14,2023-06-09,85.5,76.2,0.82
Spain,10-14,2023-06-16,85.5,76.2,0.82
Spain,10-14,2023-06-23,85.5,76.2,0.82
Spain,10-14,2023-06-30,85.5,76.2,0.83
Spain,10-14,2023-07-07,85.5,76.2,0.83
Spain,10-14,2023-07-14,85.5,76.2,0.83
Spain,10-14,2023-07-21,85.5,76.2,0.83
Spain,10-14,2023-07-28,85.5,76.2,0.83
Spain,10-14,2023-08-04,85.5,76.2,0.83
Spain,10-14,2023-08-11,85.5,76.2,0.83
Spain,10-14,2023-08-18,85.5,76.2,0.83
Spain,10-14,2023-08-25,85.5,76.2,0.83
Spain,10-14,2023-09-01,85.5,76.2,0.83
Spain,10-14,2023-09-08,85.5,76.2,0.83
Spain,10-14,2023-09-15,85.5,76.2,0.83
Spain,10-14,2023-09-22,85.5,76.2,0.83
Spain,10-14,2023-09-29,85.5,76.2,0.83
Spain,15-17,2021-01-08,0.0,0.0,0.0
Spain,15-17,2021-01-15,0.01,0.0,0.0
Spain,15-17,2021-01-22,0.01,0.0,0.0
Spain,15-17,2021-01-29,0.01,0.0,0.0
Spain,15-17,2021-02-05,0.02,0.0,0.0
Spain,15-17,2021-02-12,0.02,0.01,0.0
Spain,15-17,2021-02-19,0.03,0.01,0.0
Spain,15-17,2021-02-26,0.05,0.01,0.0
Spain,15-17,2021-03-05,0.06,0.02,0.0
Spain,15-17,2021-03-12,0.06,0.03,0.0
Spain,15-17,2021-03-19,0.07,0.04,0.0
Spain,15-17,2021-03-26,0.07,0.05,0.0
Spain,15-17,2021-04-02,0.08,0.06,0.0
Spain,15-17,2021-04-09,0.09,0.06,0.0
Spain,15-17,2021-04-16,0.1,0.07,0.0
Spain,15-17,2021-04-23,0.12,0.07,0.0
Spain,15-17,2021-04-30,0.13,0.09,0.0
Spain,15-17,2021-05-07,0.15,0.1,0.0
Spain,15-17,2021-05-14,0.16,0.11,0.0
Spain,15-17,2021-05-21,0.19,0.12,0.0
Spain,15-17,2021-05-28,0.2,0.13,0.0
Spain,15-17,2021-06-04,0.23,0.15,0.0
Spain,15-17,2021-06-11,0.26,0.17,0.0
Spain,15-17,2021-06-18,0.31,0.19,0.0
Spain,15-17,2021-06-25,0.38,0.21,0.0
Spain,15-17,2021-07-02,0.82,0.24,0.0
Spain,15-17,2021-07-09,2.51,0.28,0.0
Spain,15-17,2021-07-16,3.97,0.34,0.0
Spain,15-17,2021-07-23,6.68,0.69,0.0
Spain,15-17,2021-07-30,14.15,2.09,0.0
Spain,15-17,2021-08-06,28.32,3.38,0.0
Spain,15-17,2021-08-13,49.58,5.4,0.0
Spain,15-17,2021-08-20,63.5,10.68,0.0
Spain,15-17,2021-08-27,72.86,22.24,0.0
Spain,15-17,2021-09-03,78.28,41.62,0.0
Spain,15-17,2021-09-10,81.69,54.39,0.0
Spain,15-17,2021-09-17,83.3,63.78,0.01
Spain,15-17,2021-09-24,84.26,68.32,0.02
Spain,15-17,2021-10-01,84.9,71.03,0.03
Spain,15-17,2021-10-08,85.35,72.18,0.04
Spain,15-17,2021-10-15,85.71,72.84,0.06
Spain,15-17,2021-10-22,86.06,73.32,0.07
Spain,15-17,2021-10-29,86.36,73.65,0.09
Spain,15-17,2021-11-05,86.57,73.87,0.1
Spain,15-17,2021-11-12,86.82,74.1,0.11
Spain,15-17,2021-11-19,87.07,74.31,0.13
Spain,15-17,2021-11-26,87.41,74.49,0.16
Spain,15-17,2021-12-03,87.85,74.69,0.2
Spain,15-17,2021-12-10,88.17,74.88,0.23
Spain,15-17,2021-12-17,88.62,75.11,0.27
Spain,15-17,2021-12-24,89.01,75.35,0.33
Spain,15-17,2021-12-31,89.28,75.57,0.36
Spain,15-17,2022-01-07,89.5,75.79,0.39
Spain,15-17,2022-01-14,89.75,76.08,0.42
Spain,15-17,2022-01-21,89.95,76.33,0.46
Spain,15-17,2022-01-28,90.1,76.52,0.5
Spain,15-17,2022-02-04,90.19,76.67,0.55
Spain,15-17,2022-02-11,90.26,76.83,0.61
Spain,15-17,2022-02-18,90.31,76.97,0.68
Spain,15-17,2022-02-25,90.34,77.08,0.74
Spain,15-17,2022-03-04,90.37,77.15,0.82
Spain,15-17,2022-03-11,90.39,77.22,0.9
Spain,15-17,2022-03-18,90.41,77.26,0.99
Spain,15-17,2022-03-25,90.43,77.31,1.05
Spain,15-17,2022-04-01,90.45,77.34,1.11
Spain,15-17,2022-04-08,90.46,77.37,1.17
Spain,15-17,2022-04-15,90.47,77.38,1.21
Spain,15-17,2022-04-22,90.48,77.41,1.26
Spain,15-17,2022-04-29,90.5,77.43,1.31
Spain,15-17,2022-05-06,90.51,77.44,1.35
Spain,15-17,2022-05-13,90.52,77.46,1.41
Spain,15-17,2022-05-20,90.53,77.48,1.5
Spain,15-17,2022-05-27,90.55,77.51,1.6
Spain,15-17,2022-06-03,90.57,77.53,1.68
Spain,15-17,2022-06-10,90.58,77.56,1.75
Spain,15-17,2022-06-17,90.59,77.58,1.82
Spain,15-17,2022-06-24,90.6,77.61,1.89
Spain,15-17,2022-07-01,90.61,77.63,1.96
Spain,15-17,2022-07-08,90.62,77.65,2.04
Spain,15-17,2022-07-15,90.63,77.68,2.11
Spain,15-17,2022-07-22,90.64,77.69,2.16
Spain,15-17,2022-07-29,90.64,77.71,2.21
Spain,15-17,2022-08-05,90.65,77.72,2.24
Spain,15-17,2022-08-12,90.65,77.73,2.27
Spain,15-17,2022-08-19,90.66,77.73,2.29
Spain,15-17,2022-08-26,90.66,77.74,2.31
Spain,15-17,2022-09-02,90.66,77.75,2.32
Spain,15-17,2022-09-09,90.67,77.75,2.34
Spain,15-17,2022-09-16,90.67,77.76,2.35
Spain,15-17,2022-09-23,90.68,77.76,2.36
Spain,15-17,2022-09-30,90.68,77.76,2.37
Spain,15-17,2022-10-07,90.68,77.76,2.39
Spain,15-17,2022-10-14,90.68,77.77,2.4
Spain,15-17,2022-10-21,90.69,77.77,2.43
Spain,15-17,2022-10-28,90.69,77.77,2.47
Spain,15-17,2022-11-04,90.69,77.77,2.51
Spain,15-17,2022-11-11,90.69,77.77,2.56
Spain,15-17,2022-11-18,90.7,77.78,2.63
Spain,15-17,2022-11-25,90.7,77.78,2.68
Spain,15-17,2022-12-02,90.71,77.78,2.74
Spain,15-17,2022-12-09,90.71,77.78,2.76
Spain,15-17,2022-12-16,90.71,77.79,2.81
Spain,15-17,2022-12-23,90.72,77.79,2.85
Spain,15-17,2022-12-30,90.72,77.79,2.92
Spain,15-17,2023-01-06,90.72,77.79,2.99
Spain,15-17,2023-01-13,90.72,77.79,3.08
Spain,15-17,2023-01-20,90.72,77.79,3.24
Spain,15-17,2023-01-27,90.72,77.79,3.33
Spain,15-17,2023-02-03,90.72,77.79,3.4
Spain,15-17,2023-02-10,90.73,77.8,3.45
Spain,15-17,2023-02-17,90.73,77.8,3.49
Spain,15-17,2023-02-24,90.73,77.8,3.52
Spain,15-17,2023-03-03,90.73,77.8,3.54
Spain,15-17,2023-03-10,90.73,77.8,3.56
Spain,15-17,2023-03-17,90.73,77.8,3.57
Spain,15-17,2023-03-24,90.73,77.8,3.58
Spain,15-17,2023-03-31,90.73,77.8,3.59
Spain,15-17,2023-04-07,90.73,77.8,3.6
Spain,15-17,2023-04-14,90.73,77.8,3.61
Spain,15-17,2023-04-21,90.73,77.8,3.62
Spain,15-17,2023-04-28,90.73,77.8,3.63
Spain,15-17,2023-05-05,90.73,77.8,3.63
Spain,15-17,2023-05-12,90.73,77.8,3.64
Spain,15-17,2023-05-19,90.73,77.8,3.64
Spain,15-17,2023-05-26,90.73,77.8,3.65
Spain,15-17,2023-06-02,90.73,77.8,3.65
Spain,15-17,2023-06-09,90.73,77.8,3.65
Spain,15-17,2023-06-16,90.73,77.8,3.66
Spain,15-17,2023-06-23,90.73,77.8,3.66
Spain,15-17,2023-06-30,90.73,77.8,3.67
Spain,15-17,2023-07-07,90.73,77.8,3.67
Spain,15-17,2023-07-14,90.73,77.8,3.67
Spain,15-17,2023-07-21,90.73,77.8,3.68
Spain,15-17,2023-07-28,90.73,77.8,3.68
Spain,15-17,2023-08-04,90.73,77.8,3.68
Spain,15-17,2023-08-11,90.73,77.8,3.68
Spain,15-17,2023-08-18,90.73,77.8,3.68
Spain,15-17,2023-08-25,90.73,77.8,3.68
Spain,15-17,2023-09-01,90.73,77.8,3.68
Spain,15-17,2023-09-08,90.73,77.8,3.69
Spain,15-17,2023-09-15,90.73,77.8,3.69
Spain,15-17,2023-09-22,90.73,77.8,3.69
Spain,15-17,2023-09-29,90.73,77.8,3.69
Spain,18-24,2021-01-08,0.28,0.0,0.0
Spain,18-24,2021-01-15,0.73,0.0,0.0
Spain,18-24,2021-01-22,1.0,0.04,0.0
Spain,18-24,2021-01-29,1.11,0.23,0.0
Spain,18-24,2021-02-05,1.24,0.6,0.0
Spain,18-24,2021-02-12,1.51,0.91,0.0
Spain,18-24,2021-02-19,2.03,1.07,0.0
Spain,18-24,2021-02-26,2.65,1.16,0.0
Spain,18-24,2021-03-05,3.14,1.32,0.0
Spain,18-24,2021-03-12,3.73,1.62,0.0
Spain,18-24,2021-03-19,3.89,1.89,0.01
Spain,18-24,2021-03-26,4.59,2.04,0.01
Spain,18-24,2021-04-02,4.95,2.08,0.01
Spain,18-24,2021-04-09,5.24,2.14,0.01
Spain,18-24,2021-04-16,5.34,2.21,0.01
Spain,18-24,2021-04-23,5.44,2.25,0.01
Spain,18-24,2021-04-30,5.57,2.32,0.01
Spain,18-24,2021-05-07,5.78,2.4,0.01
Spain,18-24,2021-05-14,6.09,2.51,0.01
Spain,18-24,2021-05-21,6.5,2.63,0.01
Spain,18-24,2021-05-28,6.74,3.01,0.01
Spain,18-24,2021-06-04,7.02,3.82,0.01
Spain,18-24,2021-06-11,7.32,4.63,0.01
Spain,18-24,2021-06-18,7.64,5.51,0.01
Spain,18-24,2021-06-25,8.07,6.25,0.01
Spain,18-24,2021-07-02,9.38,6.93,0.01
Spain,18-24,2021-07-09,13.25,7.61,0.01
Spain,18-24,2021-07-16,19.53,8.33,0.01
Spain,18-24,2021-07-23,28.97,9.4,0.01
Spain,18-24,2021-07-30,41.77,11.72,0.01
Spain,18-24,2021-08-06,53.48,14.41,0.02
Spain,18-24,2021-08-13,65.31,20.57,0.02
Spain,18-24,2021-08-20,69.82,31.97,0.02
Spain,18-24,2021-08-27,72.62,43.72,0.03
Spain,18-24,2021-09-03,75.44,55.38,0.04
Spain,18-24,2021-09-10,77.58,60.07,0.05
Spain,18-24,2021-09-17,79.03,62.49,0.06
Spain,18-24,2021-09-24,80.08,64.27,0.09
Spain,18-24,2021-10-01,80.8,65.56,0.11
Spain,18-24,2021-10-08,81.36,66.32,0.13
Spain,18-24,2021-10-15,81.81,66.86,0.16
Spain,18-24,2021-10-22,82.23,67.32,0.19
Spain,18-24,2021-10-29,82.59,67.67,0.22
Spain,18-24,2021-11-05,82.85,67.91,0.25
Spain,18-24,2021-11-12,83.13,68.16,0.3
Spain,18-24,2021-11-19,83.46,68.42,0.4
Spain,18-24,2021-11-26,83.9,68.63,0.63
Spain,18-24,2021-12-03,84.49,68.88,1.35
Spain,18-24,2021-12-10,84.92,69.09,1.95
Spain,18-24,2021-12-17,85.48,69.38,2.89
Spain,18-24,2021-12-24,86.01,69.7,3.86
Spain,18-24,2021-12-31,86.36,69.98,4.59
Spain,18-24,2022-01-07,86.59,70.21,5.06
Spain,18-24,2022-01-14,86.83,70.53,5.44
Spain,18-24,2022-01-21,87.03,70.79,5.96
Spain,18-24,2022-01-28,87.18,71.0,8.79
Spain,18-24,2022-02-04,87.29,71.17,12.4
Spain,18-24,2022-02-11,87.38,71.33,17.62
Spain,18-24,2022-02-18,87.45,71.47,20.97
Spain,18-24,2022-02-25,87.51,71.56,23.1
Spain,18-24,2022-03-04,87.54,71.63,24.52
Spain,18-24,2022-03-11,87.59,71.69,25.41
Spain,18-24,2022-03-18,87.62,71.73,26.06
Spain,18-24,2022-03-25,87.64,71.77,26.59
Spain,18-24,2022-04-01,87.66,71.81,27.04
Spain,18-24,2022-04-08,87.68,71.83,27.43
Spain,18-24,2022-04-15,87.69,71.85,27.81
Spain,18-24,2022-04-22,87.7,71.87,28.17
Spain,18-24,2022-04-29,87.72,71.89,28.46
Spain,18-24,2022-05-06,87.73,71.9,28.7
Spain,18-24,2022-05-13,87.74,71.91,28.95
Spain,18-24,2022-05-20,87.76,71.93,29.25
Spain,18-24,2022-05-27,87.77,71.94,29.55
Spain,18-24,2022-06-03,87.78,71.96,29.86
Spain,18-24,2022-06-10,87.79,71.97,30.22
Spain,18-24,2022-06-17,87.8,71.99,30.6
Spain,18-24,2022-06-24,87.81,72.01,31.0
Spain,18-24,2022-07-01,87.82,72.02,31.47
Spain,18-24,2022-07-08,87.83,72.03,31.92
Spain,18-24,2022-07-15,87.84,72.05,32.37
Spain,18-24,2022-07-22,87.85,72.06,32.74
Spain,18-24,2022-07-29,87.85,72.07,33.04
Spain,18-24,2022-08-05,87.86,72.08,33.23
Spain,18-24,2022-08-12,87.87,72.09,33.4
Spain,18-24,2022-08-19,87.87,72.1,33.53
Spain,18-24,2022-08-26,87.88,72.1,33.7
Spain,18-24,2022-09-02,87.88,72.11,33.85
Spain,18-24,2022-09-09,87.89,72.11,33.98
Spain,18-24,2022-09-16,87.89,72.12,34.08
Spain,18-24,2022-09-23,87.9,72.12,34.16
Spain,18-24,2022-09-30,87.9,72.13,34.24
Spain,18-24,2022-10-07,87.91,72.13,34.3
Spain,18-24,2022-10-14,87.91,72.13,34.35
Spain,18-24,2022-10-21,87.91,72.13,34.42
Spain,18-24,2022-10-28,87.92,72.14,34.49
Spain,18-24,2022-11-04,87.92,72.14,34.55
Spain,18-24,2022-11-11,87.92,72.14,34.63
Spain,18-24,2022-11-18,87.92,72.14,34.7
Spain,18-24,2022-11-25,87.93,72.14,34.76
Spain,18-24,2022-12-02,87.93,72.15,34.82
Spain,18-24,2022-12-09,87.93,72.15,34.85
Spain,18-24,2022-12-16,87.93,72.15,34.9
Spain,18-24,2022-12-23,87.93,72.15,34.94
Spain,18-24,2022-12-30,87.93,72.15,35.0
Spain,18-24,2023-01-06,87.93,72.15,35.07
Spain,18-24,2023-01-13,87.94,72.15,35.15
Spain,18-24,2023-01-20,87.94,72.15,35.25
Spain,18-24,2023-01-27,87.94,72.15,35.33
Spain,18-24,2023-02-03,87.94,72.16,35.38
Spain,18-24,2023-02-10,87.94,72.16,35.42
Spain,18-24,2023-02-17,87.95,72.16,35.45
Spain,18-24,2023-02-24,87.95,72.16,35.48
Spain,18-24,2023-03-03,87.95,72.16,35.5
Spain,18-24,2023-03-10,87.95,72.16,35.53
Spain,18-24,2023-03-17,87.95,72.16,35.54
Spain,18-24,2023-03-24,87.95,72.16,35.57
Spain,18-24,2023-03-31,87.95,72.16,35.59
Spain,18-24,2023-04-07,87.95,72.16,35.61
Spain,18-24,2023-04-14,87.95,72.16,35.62
Spain,18-24,2023-04-21,87.95,72.16,35.64
Spain,18-24,2023-04-28,87.95,72.16,35.65
Spain,18-24,2023-05-05,87.95,72.16,35.66
Spain,18-24,2023-05-12,87.95,72.16,35.66
Spain,18-24,2023-05-19,87.95,72.16,35.67
Spain,18-24,2023-05-26,87.95,72.16,35.68
Spain,18-24,2023-06-02,87.95,72.16,35.68
Spain,18-24,2023-06-09,87.95,72.16,35.69
Spain,18-24,2023-06-16,87.95,72.16,35.69
Spain,18-24,2023-06-23,87.95,72.16,35.7
Spain,18-24,2023-06-30,87.95,72.16,35.71
Spain,18-24,2023-07-07,87.95,72.16,35.71
Spain,18-24,2023-07-14,87.95,72.16,35.71
Spain,18-24,2023-07-21,87.95,72.16,35.72
Spain,18-24,2023-07-28,87.95,72.16,35.72
Spain,18-24,2023-08-04,87.95,72.16,35.72
Spain,18-24,2023-08-11,87.95,72.16,35.73
Spain,18-24,2023-08-18,87.95,72.16,35.73
Spain,18-24,2023-08-25,87.95,72.16,35.73
Spain,18-24,2023-09-01,87.95,72.16,35.74
Spain,18-24,2023-09-08,87.95,72.16,35.74
Spain,18-24,2023-09-15,87.95,72.16,35.74
Spain,18-24,2023-09-22,87.95,72.16,35.74
Spain,18-24,2023-09-29,87.95,72.16,35.74
Spain,25-49,2021-01-08,0.83,0.0,0.0
Spain,25-49,2021-01-15,2.24,0.0,0.0
Spain,25-49,2021-01-22,2.96,0.14,0.0
Spain,25-49,2021-01-29,3.21,0.73,0.0
Spain,25-49,2021-02-05,3.42,1.96,0.0
Spain,25-49,2021-02-12,4.03,2.78,0.0
Spain,25-49,2021-02-19,4.9,3.11,0.0
Spain,25-49,2021-02-26,6.36,3.27,0.0
Spain,25-49,2021-03-05,7.95,3.63,0.0
Spain,25-49,2021-03-12,9.33,4.12,0.01
Spain,25-49,2021-03-19,9.57,4.48,0.01
Spain,25-49,2021-03-26,10.66,4.68,0.01
Spain,25-49,2021-04-02,11.3,4.75,0.01
Spain,25-49,2021-04-09,11.61,4.82,0.02
Spain,25-49,2021-04-16,11.76,4.91,0.02
Spain,25-49,2021-04-23,11.95,4.97,0.02
Spain,25-49,2021-04-30,12.13,5.07,0.02
Spain,25-49,2021-05-07,12.41,5.21,0.02
Spain,25-49,2021-05-14,12.9,5.42,0.02
Spain,25-49,2021-05-21,13.43,5.64,0.02
Spain,25-49,2021-05-28,13.9,6.55,0.02
Spain,25-49,2021-06-04,15.76,8.72,0.02
Spain,25-49,2021-06-11,23.02,11.03,0.02
Spain,25-49,2021-06-18,32.6,13.02,0.02
Spain,25-49,2021-06-25,41.74,15.98,0.02
Spain,25-49,2021-07-02,51.26,22.79,0.02
Spain,25-49,2021-07-09,58.74,31.28,0.02
Spain,25-49,2021-07-16,65.45,39.58,0.02
Spain,25-49,2021-07-23,71.04,47.63,0.03
Spain,25-49,2021-07-30,75.59,53.43,0.03
Spain,25-49,2021-08-06,78.66,58.94,0.03
Spain,25-49,2021-08-13,80.49,63.87,0.04
Spain,25-49,2021-08-20,81.74,68.08,0.04
Spain,25-49,2021-08-27,82.85,71.16,0.05
Spain,25-49,2021-09-03,83.8,73.16,0.06
Spain,25-49,2021-09-10,84.57,74.31,0.06
Spain,25-49,2021-09-17,85.16,75.15,0.08
Spain,25-49,2021-09-24,85.6,75.83,0.12
Spain,25-49,2021-10-01,85.93,76.39,0.18
Spain,25-49,2021-10-08,86.17,76.76,0.24
Spain,25-49,2021-10-15,86.37,77.05,0.29
Spain,25-49,2021-10-22,86.58,77.31,0.36
Spain,25-49,2021-10-29,86.77,77.51,0.43
Spain,25-49,2021-11-05,86.91,77.65,0.49
Spain,25-49,2021-11-12,87.08,77.8,0.61
Spain,25-49,2021-11-19,87.29,77.95,1.06
Spain,25-49,2021-11-26,87.58,78.09,2.05
Spain,25-49,2021-12-03,87.96,78.25,4.18
Spain,25-49,2021-12-10,88.22,78.4,5.66
Spain,25-49,2021-12-17,88.57,78.6,7.52
Spain,25-49,2021-12-24,88.84,78.81,9.23
Spain,25-49,2021-12-31,89.04,79.0,11.94
Spain,25-49,2022-01-07,89.19,79.18,14.65
Spain,25-49,2022-01-14,89.36,79.44,19.07
Spain,25-49,2022-01-21,89.49,79.63,25.76
Spain,25-49,2022-01-28,89.59,79.78,32.73
Spain,25-49,2022-02-04,89.65,79.9,37.34
Spain,25-49,2022-02-11,89.71,80.0,40.17
Spain,25-49,2022-02-18,89.75,80.08,41.81
Spain,25-49,2022-02-25,89.78,80.13,42.91
Spain,25-49,2022-03-04,89.8,80.18,43.6
Spain,25-49,2022-03-11,89.82,80.21,44.13
Spain,25-49,2022-03-18,89.84,80.23,44.53
Spain,25-49,2022-03-25,89.85,80.25,44.9
Spain,25-49,2022-04-01,89.86,80.27,45.23
Spain,25-49,2022-04-08,89.87,80.28,45.51
Spain,25-49,2022-04-15,89.88,80.29,45.66
Spain,25-49,2022-04-22,89.89,80.3,45.91
Spain,25-49,2022-04-29,89.89,80.31,46.15
Spain,25-49,2022-05-06,89.9,80.32,46.37
Spain,25-49,2022-05-13,89.91,80.33,46.61
Spain,25-49,2022-05-20,89.92,80.34,46.89
Spain,25-49,2022-05-27,89.92,80.34,47.14
Spain,25-49,2022-06-03,89.93,80.35,47.41
Spain,25-49,2022-06-10,89.94,80.36,47.71
Spain,25-49,2022-06-17,89.94,80.37,48.01
Spain,25-49,2022-06-24,89.95,80.37,48.29
Spain,25-49,2022-07-01,89.95,80.38,48.61
Spain,25-49,2022-07-08,89.96,80.39,48.9
Spain,25-49,2022-07-15,89.96,80.39,49.2
Spain,25-49,2022-07-22,89.96,80.4,49.45
Spain,25-49,2022-07-29,89.97,80.4,49.64
Spain,25-49,2022-08-05,89.97,80.41,49.76
Spain,25-49,2022-08-12,89.98,80.41,49.86
Spain,25-49,2022-08-19,89.98,80.42,49.95
Spain,25-49,2022-08-26,89.98,80.42,50.05
Spain,25-49,2022-09-02,89.98,80.42,50.13
Spain,25-49,2022-09-09,89.99,80.42,50.21
Spain,25-49,2022-09-16,89.99,80.43,50.29
Spain,25-49,2022-09-23,89.99,80.43,50.35
Spain,25-49,2022-09-30,89.99,80.43,50.42
Spain,25-49,2022-10-07,90.0,80.43,50.48
Spain,25-49,2022-10-14,90.0,80.44,50.52
Spain,25-49,2022-10-21,90.0,80.44,50.59
Spain,25-49,2022-10-28,90.0,80.44,50.67
Spain,25-49,2022-11-04,90.0,80.44,50.73
Spain,25-49,2022-11-11,90.0,80.44,50.8
Spain,25-49,2022-11-18,90.0,80.44,50.88
Spain,25-49,2022-11-25,90.0,80.44,50.95
Spain,25-49,2022-12-02,90.01,80.44,51.01
Spain,25-49,2022-12-09,90.01,80.45,51.04
Spain,25-49,2022-12-16,90.01,80.45,51.09
Spain,25-49,2022-12-23,90.01,80.45,51.12
Spain,25-49,2022-12-30,90.01,80.45,51.15
Spain,25-49,2023-01-06,90.01,80.45,51.18
Spain,25-49,2023-01-13,90.01,80.45,51.25
Spain,25-49,2023-01-20,90.01,80.45,51.32
Spain,25-49,2023-01-27,90.01,80.45,51.37
Spain,25-49,2023-02-03,90.01,80.45,51.4
Spain,25-49,2023-02-10,90.01,80.45,51.43
Spain,25-49,2023-02-17,90.01,80.45,51.44
Spain,25-49,2023-02-24,90.01,80.45,51.46
Spain,25-49,2023-03-03,90.02,80.45,51.47
Spain,25-49,2023-03-10,90.02,80.45,51.49
Spain,25-49,2023-03-17,90.02,80.45,51.5
Spain,25-49,2023-03-24,90.02,80.45,51.51
Spain,25-49,2023-03-31,90.02,80.45,51.53
Spain,25-49,2023-04-07,90.02,80.45,51.53
Spain,25-49,2023-04-14,90.02,80.45,51.54
Spain,25-49,2023-04-21,90.02,80.45,51.54
Spain,25-49,2023-04-28,90.02,80.45,51.55
Spain,25-49,2023-05-05,90.02,80.45,51.55
Spain,25-49,2023-05-12,90.02,80.45,51.56
Spain,25-49,2023-05-19,90.02,80.45,51.56
Spain,25-49,2023-05-26,90.02,80.45,51.57
Spain,25-49,2023-06-02,90.02,80.45,51.57
Spain,25-49,2023-06-09,90.02,80.45,51.57
Spain,25-49,2023-06-16,90.02,80.45,51.57
Spain,25-49,2023-06-23,90.02,80.45,51.58
Spain,25-49,2023-06-30,90.02,80.45,51.58
Spain,25-49,2023-07-07,90.02,80.45,51.58
Spain,25-49,2023-07-14,90.02,80.45,51.58
Spain,25-49,2023-07-21,90.02,80.45,51.58
Spain,25-49,2023-07-28,90.02,80.45,51.58
Spain,25-49,2023-08-04,90.02,80.45,51.59
Spain,25-49,2023-08-11,90.02,80.45,51.59
Spain,25-49,2023-08-18,90.02,80.45,51.59
Spain,25-49,2023-08-25,90.02,80.45,51.59
Spain,25-49,2023-09-01,90.02,80.45,51.59
Spain,25-49,2023-09-08,90.02,80.45,51.59
Spain,25-49,2023-09-15,90.02,80.45,51.59
Spain,25-49,2023-09-22,90.02,80.45,51.59
Spain,25-49,2023-09-29,90.02,80.45,51.59
Spain,5-9,2021-12-17,6.78,0.0,0.0
Spain,5-9,2021-12-24,14.2,0.0,0.0
Spain,5-9,2021-12-31,19.8,0.0,0.0
Spain,5-9,2022-01-07,27.74,0.0,0.0
Spain,5-9,2022-01-14,40.55,0.0,0.0
Spain,5-9,2022-01-21,47.9,0.0,0.0
Spain,5-9,2022-01-28,49.99,0.0,0.0
Spain,5-9,2022-02-04,50.74,0.01,0.0
Spain,5-9,2022-02-11,51.51,0.87,0.0
Spain,5-9,2022-02-18,52.24,2.9,0.0
Spain,5-9,2022-02-25,52.68,5.23,0.0
Spain,5-9,2022-03-04,53.15,9.7,0.0
Spain,5-9,2022-03-11,53.8,17.02,0.0
Spain,5-9,2022-03-18,54.4,21.73,0.0
Spain,5-9,2022-03-25,54.99,24.76,0.0
Spain,5-9,2022-04-01,55.36,26.46,0.0
Spain,5-9,2022-04-08,55.67,27.56,0.0
Spain,5-9,2022-04-15,55.83,28.08,0.0
Spain,5-9,2022-04-22,56.1,28.91,0.0
Spain,5-9,2022-04-29,56.32,29.49,0.0
Spain,5-9,2022-05-06,56.47,29.84,0.0
Spain,5-9,2022-05-13,56.62,30.17,0.0
Spain,5-9,2022-05-20,56.75,30.42,0.0
Spain,5-9,2022-05-27,56.88,30.67,0.0
Spain,5-9,2022-06-03,56.99,30.85,0.0
Spain,5-9,2022-06-10,57.09,31.01,0.0
Spain,5-9,2022-06-17,57.17,31.15,0.0
Spain,5-9,2022-06-24,57.25,31.28,0.0
Spain,5-9,2022-07-01,57.35,31.41,0.0
Spain,5-9,2022-07-08,57.45,31.54,0.0
Spain,5-9,2022-07-15,57.54,31.65,0.0
Spain,5-9,2022-07-22,57.63,31.75,0.0
Spain,5-9,2022-07-29,57.7,31.82,0.0
Spain,5-9,2022-08-05,57.76,31.88,0.0
Spain,5-9,2022-08-12,57.81,31.93,0.0
Spain,5-9,2022-08-19,57.85,31.97,0.0
Spain,5-9,2022-08-26,57.91,32.02,0.0
Spain,5-9,2022-09-02,57.99,32.09,0.0
Spain,5-9,2022-09-09,58.06,32.16,0.0
Spain,5-9,2022-09-16,58.12,32.22,0.0
Spain,5-9,2022-09-23,58.19,32.27,0.0
Spain,5-9,2022-09-30,58.25,32.32,0.0
Spain,5-9,2022-10-07,58.29,32.35,0.0
Spain,5-9,2022-10-14,58.32,32.37,0.0
Spain,5-9,2022-10-21,58.37,32.41,0.0
Spain,5-9,2022-10-28,58.43,32.45,0.0
Spain,5-9,2022-11-04,58.46,32.48,0.0
Spain,5-9,2022-11-11,58.49,32.51,0.0
Spain,5-9,2022-11-18,58.55,32.55,0.0
Spain,5-9,2022-11-25,58.59,32.58,0.0
Spain,5-9,2022-12-02,58.63,32.61,0.0
Spain,5-9,2022-12-09,58.64,32.62,0.0
Spain,5-9,2022-12-16,58.67,32.65,0.0
Spain,5-9,2022-12-23,58.69,32.66,0.0
Spain,5-9,2022-12-30,58.72,32.68,0.0
Spain,5-9,2023-01-06,58.73,32.69,0.0
Spain,5-9,2023-01-13,58.77,32.72,0.0
Spain,5-9,2023-01-20,58.8,32.74,0.0
Spain,5-9,2023-01-27,58.82,32.75,0.0
Spain,5-9,2023-02-03,58.84,32.76,0.0
Spain,5-9,2023-02-10,58.86,32.77,0.0
Spain,5-9,2023-02-17,58.87,32.78,0.0
Spain,5-9,2023-02-24,58.88,32.79,0.0
Spain,5-9,2023-03-03,58.89,32.8,0.0
Spain,5-9,2023-03-10,58.9,32.81,0.0
Spain,5-9,2023-03-17,58.91,32.82,0.0
Spain,5-9,2023-03-24,58.92,32.83,0.0
Spain,5-9,2023-03-31,58.93,32.84,0.0
Spain,5-9,2023-04-07,58.93,32.84,0.0
Spain,5-9,2023-04-14,58.94,32.85,0.0
Spain,5-9,2023-04-21,58.94,32.86,0.0
Spain,5-9,2023-04-28,58.95,32.86,0.0
Spain,5-9,2023-05-05,58.95,32.86,0.0
Spain,5-9,2023-05-12,58.96,32.87,0.0
Spain,5-9,2023-05-19,58.96,32.87,0.0
Spain,5-9,2023-05-26,58.96,32.87,0.0
Spain,5-9,2023-06-02,58.97,32.87,0.0
Spain,5-9,2023-06-09,58.97,32.88,0.0
Spain,5-9,2023-06-16,58.97,32.88,0.0
Spain,5-9,2023-06-23,58.97,32.88,0.0
Spain,5-9,2023-06-30,58.98,32.88,0.0
Spain,5-9,2023-07-07,58.98,32.88,0.0
Spain,5-9,2023-07-14,58.98,32.89,0.0
Spain,5-9,2023-07-21,58.98,32.89,0.0
Spain,5-9,2023-07-28,58.99,32.89,0.0
Spain,5-9,2023-08-04,58.99,32.89,0.0
Spain,5-9,2023-08-11,58.99,32.89,0.0
Spain,5-9,2023-08-18,58.99,32.89,0.0
Spain,5-9,2023-08-25,58.99,32.89,0.0
Spain,5-9,2023-09-01,58.99,32.89,0.0
Spain,5-9,2023-09-08,58.99,32.89,0.0
Spain,5-9,2023-09-15,59.0,32.89,0.0
Spain,5-9,2023-09-22,59.0,32.89,0.0
Spain,5-9,2023-09-29,59.0,32.89,0.0
Spain,50-59,2021-01-08,1.0,0.0,0.0
Spain,50-59,2021-01-15,2.65,0.0,0.0
Spain,50-59,2021-01-22,3.54,0.2,0.0
Spain,50-59,2021-01-29,3.85,0.91,0.0
Spain,50-59,2021-02-05,4.07,2.34,0.0
Spain,50-59,2021-02-12,4.66,3.34,0.0
Spain,50-59,2021-02-19,5.53,3.74,0.0
Spain,50-59,2021-02-26,6.65,3.92,0.0
Spain,50-59,2021-03-05,7.72,4.33,0.01
Spain,50-59,2021-03-12,8.95,4.91,0.01
Spain,50-59,2021-03-19,9.16,5.39,0.01
Spain,50-59,2021-03-26,10.68,5.65,0.01
Spain,50-59,2021-04-02,11.6,5.75,0.01
Spain,50-59,2021-04-09,12.11,5.86,0.01
Spain,50-59,2021-04-16,12.4,5.96,0.02
Spain,50-59,2021-04-23,12.75,6.05,0.02
Spain,50-59,2021-04-30,13.08,6.17,0.02
Spain,50-59,2021-05-07,15.52,6.36,0.02
Spain,50-59,2021-05-14,26.63,6.83,0.02
Spain,50-59,2021-05-21,42.57,8.13,0.02
Spain,50-59,2021-05-28,57.68,11.5,0.02
Spain,50-59,2021-06-04,73.87,22.64,0.02
Spain,50-59,2021-06-11,81.82,38.56,0.03
Spain,50-59,2021-06-18,84.6,52.67,0.05
Spain,50-59,2021-06-25,85.95,68.87,0.07
Spain,50-59,2021-07-02,87.14,77.26,0.08
Spain,50-59,2021-07-09,87.95,80.19,0.08
Spain,50-59,2021-07-16,88.6,81.79,0.09
Spain,50-59,2021-07-23,89.21,82.97,0.09
Spain,50-59,2021-07-30,89.66,83.61,0.09
Spain,50-59,2021-08-06,90.1,84.06,0.09
Spain,50-59,2021-08-13,90.54,84.35,0.09
Spain,50-59,2021-08-20,90.96,84.57,0.09
Spain,50-59,2021-08-27,91.31,84.82,0.1
Spain,50-59,2021-09-03,91.64,85.08,0.1
Spain,50-59,2021-09-10,91.89,85.28,0.11
Spain,50-59,2021-09-17,92.07,85.43,0.14
Spain,50-59,2021-09-24,92.2,85.56,0.25
Spain,50-59,2021-10-01,92.29,85.67,0.39
Spain,50-59,2021-10-08,92.36,85.75,0.52
Spain,50-59,2021-10-15,92.42,85.82,0.63
Spain,50-59,2021-10-22,92.48,85.88,0.76
Spain,50-59,2021-10-29,92.54,85.93,0.88
Spain,50-59,2021-11-05,92.58,85.97,0.97
Spain,50-59,2021-11-12,92.63,86.02,1.27
Spain,50-59,2021-11-19,92.71,86.06,2.33
Spain,50-59,2021-11-26,92.81,86.11,4.32
Spain,50-59,2021-12-03,92.95,86.17,7.44
Spain,50-59,2021-12-10,93.03,86.23,9.3
Spain,50-59,2021-12-17,93.16,86.32,14.05
Spain,50-59,2021-12-24,93.25,86.43,20.79
Spain,50-59,2021-12-31,93.34,86.54,29.86
Spain,50-59,2022-01-07,93.4,86.64,39.79
Spain,50-59,2022-01-14,93.48,86.77,52.78
Spain,50-59,2022-01-21,93.54,86.85,61.67
Spain,50-59,2022-01-28,93.57,86.92,66.05
Spain,50-59,2022-02-04,93.6,86.96,67.98
Spain,50-59,2022-02-11,93.61,87.0,69.11
Spain,50-59,2022-02-18,93.63,87.04,69.82
Spain,50-59,2022-02-25,93.63,87.06,70.34
Spain,50-59,2022-03-04,93.64,87.07,70.69
Spain,50-59,2022-03-11,93.65,87.08,70.97
Spain,50-59,2022-03-18,93.65,87.09,71.2
Spain,50-59,2022-03-25,93.66,87.1,71.4
Spain,50-59,2022-04-01,93.66,87.11,71.57
Spain,50-59,2022-04-08,93.66,87.11,71.72
Spain,50-59,2022-04-15,93.66,87.11,71.79
Spain,50-59,2022-04-22,93.67,87.12,71.93
Spain,50-59,2022-04-29,93.67,87.12,72.08
Spain,50-59,2022-05-06,93.67,87.12,72.22
Spain,50-59,2022-05-13,93.68,87.12,72.39
Spain,50-59,2022-05-20,93.68,87.13,72.59
Spain,50-59,2022-05-27,93.68,87.13,72.76
Spain,50-59,2022-06-03,93.68,87.13,72.96
Spain,50-59,2022-06-10,93.69,87.14,73.16
Spain,50-59,2022-06-17,93.69,87.14,73.37
Spain,50-59,2022-06-24,93.69,87.14,73.55
Spain,50-59,2022-07-01,93.69,87.14,73.78
Spain,50-59,2022-07-08,93.69,87.14,73.99
Spain,50-59,2022-07-15,93.7,87.15,74.2
Spain,50-59,2022-07-22,93.7,87.15,74.36
Spain,50-59,2022-07-29,93.7,87.15,74.48
Spain,50-59,2022-08-05,93.7,87.16,74.55
Spain,50-59,2022-08-12,93.7,87.16,74.61
Spain,50-59,2022-08-19,93.7,87.16,74.66
Spain,50-59,2022-08-26,93.7,87.16,74.72
Spain,50-59,2022-09-02,93.71,87.16,74.76
Spain,50-59,2022-09-09,93.71,87.16,74.81
Spain,50-59,2022-09-16,93.71,87.16,74.86
Spain,50-59,2022-09-23,93.71,87.16,74.89
Spain,50-59,2022-09-30,93.71,87.16,74.94
Spain,50-59,2022-10-07,93.71,87.16,74.98
Spain,50-59,2022-10-14,93.71,87.16,75.01
Spain,50-59,2022-10-21,93.71,87.17,75.06
Spain,50-59,2022-10-28,93.71,87.17,75.12
Spain,50-59,2022-11-04,93.71,87.17,75.18
Spain,50-59,2022-11-11,93.71,87.17,75.26
Spain,50-59,2022-11-18,93.71,87.17,75.34
Spain,50-59,2022-11-25,93.71,87.17,75.4
Spain,50-59,2022-12-02,93.71,87.17,75.46
Spain,50-59,2022-12-09,93.71,87.17,75.49
Spain,50-59,2022-12-16,93.71,87.17,75.54
Spain,50-59,2022-12-23,93.71,87.17,75.57
Spain,50-59,2022-12-30,93.71,87.17,75.6
Spain,50-59,2023-01-06,93.71,87.17,75.63
Spain,50-59,2023-01-13,93.72,87.17,75.7
Spain,50-59,2023-01-20,93.72,87.17,75.78
Spain,50-59,2023-01-27,93.72,87.17,75.83
Spain,50-59,2023-02-03,93.72,87.17,75.86
Spain,50-59,2023-02-10,93.72,87.17,75.88
Spain,50-59,2023-02-17,93.72,87.17,75.89
Spain,50-59,2023-02-24,93.72,87.17,75.91
Spain,50-59,2023-03-03,93.72,87.17,75.92
Spain,50-59,2023-03-10,93.72,87.17,75.93
Spain,50-59,2023-03-17,93.72,87.17,75.94
Spain,50-59,2023-03-24,93.72,87.17,75.95
Spain,50-59,2023-03-31,93.72,87.17,75.95
Spain,50-59,2023-04-07,93.72,87.17,75.96
Spain,50-59,2023-04-14,93.72,87.17,75.96
Spain,50-59,2023-04-21,93.72,87.17,75.96
Spain,50-59,2023-04-28,93.72,87.17,75.97
Spain,50-59,2023-05-05,93.72,87.17,75.97
Spain,50-59,2023-05-12,93.72,87.17,75.97
Spain,50-59,2023-05-19,93.72,87.17,75.97
Spain,50-59,2023-05-26,93.72,87.17,75.97
Spain,50-59,2023-06-02,93.72,87.17,75.97
Spain,50-59,2023-06-09,93.72,87.17,75.98
Spain,50-59,2023-06-16,93.72,87.17,75.98
Spain,50-59,2023-06-23,93.72,87.17,75.98
Spain,50-59,2023-06-30,93.72,87.17,75.98
Spain,50-59,2023-07-07,93.72,87.17,75.98
Spain,50-59,2023-07-14,93.72,87.17,75.98
Spain,50-59,2023-07-21,93.72,87.17,75.98
Spain,50-59,2023-07-28,93.72,87.17,75.98
Spain,50-59,2023-08-04,93.72,87.17,75.98
Spain,50-59,2023-08-11,93.72,87.17,75.98
Spain,50-59,2023-08-18,93.72,87.17,75.98
Spain,50-59,2023-08-25,93.72,87.17,75.98
Spain,50-59,2023-09-01,93.72,87.17,75.98
Spain,50-59,2023-09-08,93.72,87.17,75.99
Spain,50-59,2023-09-15,93.72,87.17,75.99
Spain,50-59,2023-09-22,93.72,87.17,75.99
Spain,50-59,2023-09-29,93.72,87.17,75.99
Spain,60-69,2021-01-08,0.76,0.0,0.0
Spain,60-69,2021-01-15,1.95,0.0,0.0
Spain,60-69,2021-01-22,2.58,0.17,0.0
Spain,60-69,2021-01-29,2.79,0.71,0.0
Spain,60-69,2021-02-05,2.94,1.75,0.0
Spain,60-69,2021-02-12,3.3,2.45,0.0
Spain,60-69,2021-02-19,3.8,2.73,0.0
Spain,60-69,2021-02-26,4.31,2.85,0.0
Spain,60-69,2021-03-05,4.66,3.15,0.0
Spain,60-69,2021-03-12,4.84,3.68,0.01
Spain,60-69,2021-03-19,4.94,4.22,0.01
Spain,60-69,2021-03-26,7.66,4.56,0.01
Spain,60-69,2021-04-02,13.99,4.7,0.01
Spain,60-69,2021-04-09,25.54,4.84,0.01
Spain,60-69,2021-04-16,35.61,4.98,0.01
Spain,60-69,2021-04-23,43.24,5.2,0.01
Spain,60-69,2021-04-30,52.92,6.02,0.01
Spain,60-69,2021-05-07,71.1,6.63,0.01
Spain,60-69,2021-05-14,80.26,7.26,0.01
Spain,60-69,2021-05-21,83.38,9.44,0.01
Spain,60-69,2021-05-28,85.03,15.26,0.01
Spain,60-69,2021-06-04,86.26,20.68,0.01
Spain,60-69,2021-06-11,87.37,23.96,0.02
Spain,60-69,2021-06-18,88.4,28.49,0.02
Spain,60-69,2021-06-25,89.06,38.99,0.02
Spain,60-69,2021-07-02,89.73,51.2,0.02
Spain,60-69,2021-07-09,90.29,65.81,0.03
Spain,60-69,2021-07-16,90.8,75.69,0.03
Spain,60-69,2021-07-23,91.21,81.44,0.03
Spain,60-69,2021-07-30,91.55,84.59,0.03
Spain,60-69,2021-08-06,91.9,85.94,0.03
Spain,60-69,2021-08-13,92.22,86.71,0.03
Spain,60-69,2021-08-20,92.58,87.19,0.03
Spain,60-69,2021-08-27,92.79,87.65,0.03
Spain,60-69,2021-09-03,92.99,88.04,0.03
Spain,60-69,2021-09-10,93.15,88.4,0.04
Spain,60-69,2021-09-17,93.27,88.63,0.09
Spain,60-69,2021-09-24,93.36,88.83,0.33
Spain,60-69,2021-10-01,93.42,88.98,0.58
Spain,60-69,2021-10-08,93.47,89.09,0.78
Spain,60-69,2021-10-15,93.51,89.17,0.93
Spain,60-69,2021-10-22,93.55,89.24,1.11
Spain,60-69,2021-10-29,93.59,89.3,1.27
Spain,60-69,2021-11-05,93.62,89.34,1.41
Spain,60-69,2021-11-12,93.65,89.38,1.69
Spain,60-69,2021-11-19,93.71,89.43,2.28
Spain,60-69,2021-11-26,93.79,89.47,4.82
Spain,60-69,2021-12-03,93.91,89.56,19.11
Spain,60-69,2021-12-10,93.99,89.65,34.9
Spain,60-69,2021-12-17,94.11,89.79,54.92
Spain,60-69,2021-12-24,94.19,89.89,64.98
Spain,60-69,2021-12-31,94.25,89.97,70.79
Spain,60-69,2022-01-07,94.29,90.04,75.16
Spain,60-69,2022-01-14,94.35,90.14,79.91
Spain,60-69,2022-01-21,94.39,90.21,82.48
Spain,60-69,2022-01-28,94.42,90.26,83.93
Spain,60-69,2022-02-04,94.44,90.3,84.83
Spain,60-69,2022-02-11,94.45,90.33,85.44
Spain,60-69,2022-02-18,94.46,90.36,85.8
Spain,60-69,2022-02-25,94.47,90.38,86.06
Spain,60-69,2022-03-04,94.47,90.39,86.24
Spain,60-69,2022-03-11,94.47,90.4,86.39
Spain,60-69,2022-03-18,94.48,90.4,86.51
Spain,60-69,2022-03-25,94.48,90.41,86.64
Spain,60-69,2022-04-01,94.48,90.41,86.74
Spain,60-69,2022-04-08,94.49,90.42,86.83
Spain,60-69,2022-04-15,94.49,90.42,86.88
Spain,60-69,2022-04-22,94.49,90.42,86.95
Spain,60-69,2022-04-29,94.49,90.43,87.03
Spain,60-69,2022-05-06,94.49,90.43,87.11
Spain,60-69,2022-05-13,94.5,90.43,87.2
Spain,60-69,2022-05-20,94.5,90.43,87.3
Spain,60-69,2022-05-27,94.5,90.43,87.38
Spain,60-69,2022-06-03,94.5,90.44,87.47
Spain,60-69,2022-06-10,94.5,90.44,87.55
Spain,60-69,2022-06-17,94.51,90.44,87.63
Spain,60-69,2022-06-24,94.51,90.44,87.7
Spain,60-69,2022-07-01,94.51,90.44,87.78
Spain,60-69,2022-07-08,94.51,90.45,87.86
Spain,60-69,2022-07-15,94.51,90.45,87.94
Spain,60-69,2022-07-22,94.52,90.45,88.01
Spain,60-69,2022-07-29,94.52,90.45,88.06
Spain,60-69,2022-08-05,94.52,90.45,88.08
Spain,60-69,2022-08-12,94.52,90.45,88.11
Spain,60-69,2022-08-19,94.52,90.46,88.12
Spain,60-69,2022-08-26,94.52,90.46,88.15
Spain,60-69,2022-09-02,94.52,90.46,88.16
Spain,60-69,2022-09-09,94.52,90.46,88.18
Spain,60-69,2022-09-16,94.52,90.46,88.2
Spain,60-69,2022-09-23,94.52,90.46,88.22
Spain,60-69,2022-09-30,94.52,90.46,88.24
Spain,60-69,2022-10-07,94.52,90.46,88.27
Spain,60-69,2022-10-14,94.52,90.46,88.3
Spain,60-69,2022-10-21,94.52,90.46,88.38
Spain,60-69,2022-10-28,94.53,90.46,88.49
Spain,60-69,2022-11-04,94.53,90.46,88.6
Spain,60-69,2022-11-11,94.53,90.46,88.73
Spain,60-69,2022-11-18,94.53,90.46,88.85
Spain,60-69,2022-11-25,94.53,90.46,88.95
Spain,60-69,2022-12-02,94.53,90.46,89.03
Spain,60-69,2022-12-09,94.53,90.46,89.06
Spain,60-69,2022-12-16,94.53,90.46,89.12
Spain,60-69,2022-12-23,94.53,90.47,89.16
Spain,60-69,2022-12-30,94.53,90.47,89.18
Spain,60-69,2023-01-06,94.53,90.47,89.2
Spain,60-69,2023-01-13,94.53,90.47,89.26
Spain,60-69,2023-01-20,94.53,90.47,89.32
Spain,60-69,2023-01-27,94.53,90.47,89.35
Spain,60-69,2023-02-03,94.53,90.47,89.37
Spain,60-69,2023-02-10,94.53,90.47,89.39
Spain,60-69,2023-02-17,94.53,90.47,89.4
Spain,60-69,2023-02-24,94.53,90.47,89.41
Spain,60-69,2023-03-03,94.53,90.47,89.42
Spain,60-69,2023-03-10,94.53,90.47,89.42
Spain,60-69,2023-03-17,94.53,90.47,89.43
Spain,60-69,2023-03-24,94.53,90.47,89.43
Spain,60-69,2023-03-31,94.53,90.47,89.44
Spain,60-69,2023-04-07,94.53,90.47,89.44
Spain,60-69,2023-04-14,94.53,90.47,89.44
Spain,60-69,2023-04-21,94.53,90.47,89.44
Spain,60-69,2023-04-28,94.53,90.47,89.44
Spain,60-69,2023-05-05,94.53,90.47,89.45
Spain,60-69,2023-05-12,94.53,90.47,89.45
Spain,60-69,2023-05-19,94.53,90.47,89.45
Spain,60-69,2023-05-26,94.53,90.47,89.45
Spain,60-69,2023-06-02,94.53,90.47,89.45
Spain,60-69,2023-06-09,94.53,90.47,89.45
Spain,60-69,2023-06-16,94.53,90.47,89.45
Spain,60-69,2023-06-23,94.53,90.47,89.45
Spain,60-69,2023-06-30,94.53,90.47,89.45
Spain,60-69,2023-07-07,94.53,90.47,89.46
Spain,60-69,2023-07-14,94.53,90.47,89.46
Spain,60-69,2023-07-21,94.53,90.47,89.46
Spain,60-69,2023-07-28,94.53,90.47,89.46
Spain,60-69,2023-08-04,94.53,90.47,89.46
Spain,60-69,2023-08-11,94.53,90.47,89.46
Spain,60-69,2023-08-18,94.53,90.47,89.46
Spain,60-69,2023-08-25,94.53,90.47,89.46
Spain,60-69,2023-09-01,94.53,90.47,89.46
Spain,60-69,2023-09-08,94.53,90.47,89.46
Spain,60-69,2023-09-15,94.53,90.47,89.46
Spain,60-69,2023-09-22,94.53,90.47,89.46
Spain,60-69,2023-09-29,94.53,90.47,89.46
Spain,70-79,2021-01-08,0.69,0.0,0.0
Spain,70-79,2021-01-15,1.06,0.01,0.0
Spain,70-79,2021-01-22,1.19,0.19,0.0
Spain,70-79,2021-01-29,1.24,0.62,0.0
Spain,70-79,2021-02-05,1.29,0.95,0.0
Spain,70-79,2021-02-12,1.38,1.11,0.0
Spain,70-79,2021-02-19,1.61,1.18,0.0
Spain,70-79,2021-02-26,2.1,1.24,0.0
Spain,70-79,2021-03-05,2.61,1.32,0.0
Spain,70-79,2021-03-12,2.91,1.54,0.0
Spain,70-79,2021-03-19,3.08,2.0,0.0
Spain,70-79,2021-03-26,3.41,2.49,0.0
Spain,70-79,2021-04-02,4.94,2.75,0.0
Spain,70-79,2021-04-09,19.21,2.95,0.0
Spain,70-79,2021-04-16,43.03,3.21,0.0
Spain,70-79,2021-04-23,63.62,4.9,0.0
Spain,70-79,2021-04-30,81.71,20.18,0.0
Spain,70-79,2021-05-07,90.27,42.89,0.0
Spain,70-79,2021-05-14,92.87,63.58,0.0
Spain,70-79,2021-05-21,93.99,80.24,0.0
Spain,70-79,2021-05-28,94.64,89.09,0.0
Spain,70-79,2021-06-04,94.99,92.04,0.0
Spain,70-79,2021-06-11,95.25,93.39,0.0
Spain,70-79,2021-06-18,95.43,94.09,0.0
Spain,70-79,2021-06-25,95.56,94.46,0.0
Spain,70-79,2021-07-02,95.7,94.75,0.0
Spain,70-79,2021-07-09,95.8,94.95,0.0
Spain,70-79,2021-07-16,95.88,95.11,0.0
Spain,70-79,2021-07-23,95.96,95.27,0.0
Spain,70-79,2021-07-30,96.03,95.37,0.0
Spain,70-79,2021-08-06,96.1,95.45,0.0
Spain,70-79,2021-08-13,96.17,95.52,0.0
Spain,70-79,2021-08-20,96.24,95.58,0.0
Spain,70-79,2021-08-27,96.29,95.64,0.0
Spain,70-79,2021-09-03,96.34,95.71,0.0
Spain,70-79,2021-09-10,96.38,95.78,0.01
Spain,70-79,2021-09-17,96.42,95.83,0.07
Spain,70-79,2021-09-24,96.46,95.88,0.61
Spain,70-79,2021-10-01,96.48,95.92,1.1
Spain,70-79,2021-10-08,96.5,95.96,1.44
Spain,70-79,2021-10-15,96.52,95.99,1.66
Spain,70-79,2021-10-22,96.53,96.02,2.66
Spain,70-79,2021-10-29,96.55,96.04,5.55
Spain,70-79,2021-11-05,96.57,96.07,11.75
Spain,70-79,2021-11-12,96.59,96.1,24.31
Spain,70-79,2021-11-19,96.63,96.13,40.26
Spain,70-79,2021-11-26,96.68,96.15,57.18
Spain,70-79,2021-12-03,96.74,96.18,69.08
Spain,70-79,2021-12-10,96.78,96.21,73.59
Spain,70-79,2021-12-17,96.85,96.24,80.59
Spain,70-79,2021-12-24,96.89,96.27,84.01
Spain,70-79,2021-12-31,96.93,96.3,85.85
Spain,70-79,2022-01-07,96.95,96.33,87.09
Spain,70-79,2022-01-14,96.99,96.38,88.56
Spain,70-79,2022-01-21,97.02,96.41,89.45
Spain,70-79,2022-01-28,97.03,96.43,89.94
Spain,70-79,2022-02-04,97.05,96.45,90.25
Spain,70-79,2022-02-11,97.05,96.47,90.5
Spain,70-79,2022-02-18,97.06,96.48,90.63
Spain,70-79,2022-02-25,97.06,96.49,90.73
Spain,70-79,2022-03-04,97.07,96.5,90.8
Spain,70-79,2022-03-11,97.07,96.5,90.87
Spain,70-79,2022-03-18,97.07,96.51,90.93
Spain,70-79,2022-03-25,97.07,96.51,90.99
Spain,70-79,2022-04-01,97.08,96.51,91.03
Spain,70-79,2022-04-08,97.08,96.52,91.07
Spain,70-79,2022-04-15,97.08,96.52,91.09
Spain,70-79,2022-04-22,97.08,96.52,91.12
Spain,70-79,2022-04-29,97.08,96.52,91.15
Spain,70-79,2022-05-06,97.08,96.52,91.18
Spain,70-79,2022-05-13,97.08,96.52,91.22
Spain,70-79,2022-05-20,97.09,96.53,91.25
Spain,70-79,2022-05-27,97.09,96.53,91.28
Spain,70-79,2022-06-03,97.09,96.53,91.31
Spain,70-79,2022-06-10,97.09,96.53,91.34
Spain,70-79,2022-06-17,97.09,96.53,91.36
Spain,70-79,2022-06-24,97.09,96.53,91.38
Spain,70-79,2022-07-01,97.09,96.53,91.41
Spain,70-79,2022-07-08,97.1,96.54,91.43
Spain,70-79,2022-07-15,97.1,96.54,91.46
Spain,70-79,2022-07-22,97.1,96.54,91.48
Spain,70-79,2022-07-29,97.1,96.54,91.49
Spain,70-79,2022-08-05,97.1,96.54,91.5
Spain,70-79,2022-08-12,97.1,96.54,91.51
Spain,70-79,2022-08-19,97.1,96.54,91.52
Spain,70-79,2022-08-26,97.1,96.54,91.53
Spain,70-79,2022-09-02,97.1,96.54,91.53
Spain,70-79,2022-09-09,97.1,96.54,91.54
Spain,70-79,2022-09-16,97.1,96.54,91.55
Spain,70-79,2022-09-23,97.1,96.54,91.55
Spain,70-79,2022-09-30,97.1,96.55,91.57
Spain,70-79,2022-10-07,97.11,96.55,91.61
Spain,70-79,2022-10-14,97.11,96.55,91.64
Spain,70-79,2022-10-21,97.11,96.55,91.74
Spain,70-79,2022-10-28,97.11,96.55,91.87
Spain,70-79,2022-11-04,97.11,96.55,91.96
Spain,70-79,2022-11-11,97.11,96.55,92.08
Spain,70-79,2022-11-18,97.11,96.55,92.16
Spain,70-79,2022-11-25,97.11,96.55,92.23
Spain,70-79,2022-12-02,97.11,96.55,92.28
Spain,70-79,2022-12-09,97.11,96.55,92.3
Spain,70-79,2022-12-16,97.11,96.55,92.33
Spain,70-79,2022-12-23,97.11,96.55,92.36
Spain,70-79,2022-12-30,97.11,96.55,92.36
Spain,70-79,2023-01-06,97.11,96.55,92.37
Spain,70-79,2023-01-13,97.11,96.55,92.4
Spain,70-79,2023-01-20,97.11,96.55,92.42
Spain,70-79,2023-01-27,97.11,96.55,92.44
Spain,70-79,2023-02-03,97.11,96.55,92.45
Spain,70-79,2023-02-10,97.11,96.55,92.45
Spain,70-79,2023-02-17,97.11,96.55,92.46
Spain,70-79,2023-02-24,97.11,96.55,92.46
Spain,70-79,2023-03-03,97.11,96.55,92.46
Spain,70-79,2023-03-10,97.11,96.55,92.47
Spain,70-79,2023-03-17,97.11,96.55,92.47
Spain,70-79,2023-03-24,97.11,96.55,92.47
Spain,70-79,2023-03-31,97.11,96.55,92.48
Spain,70-79,2023-04-07,97.11,96.55,92.48
Spain,70-79,2023-04-14,97.11,96.55,92.48
Spain,70-79,2023-04-21,97.11,96.55,92.48
Spain,70-79,2023-04-28,97.11,96.55,92.48
Spain,70-79,2023-05-05,97.11,96.55,92.48
Spain,70-79,2023-05-12,97.11,96.55,92.48
Spain,70-79,2023-05-19,97.11,96.55,92.48
Spain,70-79,2023-05-26,97.11,96.55,92.48
Spain,70-79,2023-06-02,97.11,96.55,92.48
Spain,70-79,2023-06-09,97.11,96.55,92.49
Spain,70-79,2023-06-16,97.11,96.55,92.49
Spain,70-79,2023-06-23,97.11,96.55,92.49
Spain,70-79,2023-06-30,97.11,96.55,92.49
Spain,70-79,2023-07-07,97.11,96.55,92.49
Spain,70-79,2023-07-14,97.11,96.55,92.49
Spain,70-79,2023-07-21,97.11,96.55,92.49
Spain,70-79,2023-07-28,97.11,96.55,92.49
Spain,70-79,2023-08-04,97.11,96.55,92.49
Spain,70-79,2023-08-11,97.11,96.55,92.49
Spain,70-79,2023-08-18,97.11,96.55,92.49
Spain,70-79,2023-08-25,97.11,96.55,92.49
Spain,70-79,2023-09-01,97.11,96.55,92.49
Spain,70-79,2023-09-08,97.11,96.55,92.49
Spain,70-79,2023-09-15,97.11,96.55,92.49
Spain,70-79,2023-09-22,97.11,96.55,92.49
Spain,70-79,2023-09-29,97.11,96.55,92.49
Spain,80+,2021-01-08,4.62,0.0,0.0
Spain,80+,2021-01-15,6.91,0.03,0.0
Spain,80+,2021-01-22,7.66,1.21,0.0
Spain,80+,2021-01-29,7.96,4.23,0.0
Spain,80+,2021-02-05,8.25,6.35,0.0
Spain,80+,2021-02-12,8.88,7.26,0.0
Spain,80+,2021-02-19,14.09,7.65,0.0
Spain,80+,2021-02-26,25.19,7.97,0.0
Spain,80+,2021-03-05,38.63,8.59,0.0
Spain,80+,2021-03-12,47.72,13.6,0.0
Spain,80+,2021-03-19,54.05,23.58,0.0
Spain,80+,2021-03-26,63.78,36.61,0.0
Spain,80+,2021-04-02,78.73,44.34,0.0
Spain,80+,2021-04-09,93.72,51.3,0.0
Spain,80+,2021-04-16,97.35,60.31,0.0
Spain,80+,2021-04-23,98.74,75.86,0.0
Spain,80+,2021-04-30,99.52,91.9,0.0
Spain,80+,2021-05-07,100.03,96.22,0.0
Spain,80+,2021-05-14,100.41,97.82,0.0
Spain,80+,2021-05-21,100.68,98.57,0.0
Spain,80+,2021-05-28,100.87,99.06,0.0
Spain,80+,2021-06-04,101.01,99.42,0.0
Spain,80+,2021-06-11,101.14,99.7,0.0
Spain,80+,2021-06-18,101.23,99.89,0.0
Spain,80+,2021-06-25,101.29,100.02,0.0
Spain,80+,2021-07-02,101.37,100.14,0.0
Spain,80+,2021-07-09,101.43,100.22,0.0
Spain,80+,2021-07-16,101.48,100.29,0.0
Spain,80+,2021-07-23,101.53,100.36,0.0
Spain,80+,2021-07-30,101.57,100.42,0.0
Spain,80+,2021-08-06,101.62,100.46,0.0
Spain,80+,2021-08-13,101.67,100.51,0.0
Spain,80+,2021-08-20,101.71,100.55,0.0
Spain,80+,2021-08-27,101.75,100.59,0.0
Spain,80+,2021-09-03,101.78,100.64,0.0
Spain,80+,2021-09-10,101.81,100.68,0.01
Spain,80+,2021-09-17,101.83,100.71,0.06
Spain,80+,2021-09-24,101.86,100.75,3.08
Spain,80+,2021-10-01,101.88,100.78,5.71
Spain,80+,2021-10-08,101.9,100.81,7.28
Spain,80+,2021-10-15,101.91,100.83,7.94
Spain,80+,2021-10-22,101.92,100.86,11.64
Spain,80+,2021-10-29,101.94,100.88,24.03
Spain,80+,2021-11-05,101.95,100.91,38.46
Spain,80+,2021-11-12,101.98,100.94,55.32
Spain,80+,2021-11-19,102.0,100.97,66.83
Spain,80+,2021-11-26,102.04,100.99,74.11
Spain,80+,2021-12-03,102.08,101.01,79.68
Spain,80+,2021-12-10,102.11,101.03,81.74
Spain,80+,2021-12-17,102.15,101.06,85.27
Spain,80+,2021-12-24,102.19,101.08,87.17
Spain,80+,2021-12-31,102.22,101.1,88.16
Spain,80+,2022-01-07,102.24,101.13,88.78
Spain,80+,2022-01-14,102.27,101.17,89.63
Spain,80+,2022-01-21,102.29,101.19,90.18
Spain,80+,2022-01-28,102.31,101.21,90.5
Spain,80+,2022-02-04,102.32,101.23,90.72
Spain,80+,2022-02-11,102.33,101.25,90.9
Spain,80+,2022-02-18,102.34,101.26,90.99
Spain,80+,2022-02-25,102.34,101.27,91.06
Spain,80+,2022-03-04,102.34,101.28,91.11
Spain,80+,2022-03-11,102.35,101.29,91.14
Spain,80+,2022-03-18,102.35,101.29,91.17
Spain,80+,2022-03-25,102.35,101.3,91.21
Spain,80+,2022-04-01,102.36,101.3,91.23
Spain,80+,2022-04-08,102.36,101.3,91.26
Spain,80+,2022-04-15,102.36,101.3,91.27
Spain,80+,2022-04-22,102.36,101.31,91.29
Spain,80+,2022-04-29,102.36,101.31,91.31
Spain,80+,2022-05-06,102.36,101.31,91.33
Spain,80+,2022-05-13,102.37,101.31,91.35
Spain,80+,2022-05-20,102.37,101.31,91.37
Spain,80+,2022-05-27,102.37,101.31,91.38
Spain,80+,2022-06-03,102.37,101.32,91.4
Spain,80+,2022-06-10,102.37,101.32,91.41
Spain,80+,2022-06-17,102.38,101.32,91.43
Spain,80+,2022-06-24,102.38,101.32,91.44
Spain,80+,2022-07-01,102.38,101.32,91.46
Spain,80+,2022-07-08,102.38,101.32,91.47
Spain,80+,2022-07-15,102.38,101.33,91.49
Spain,80+,2022-07-22,102.38,101.33,91.5
Spain,80+,2022-07-29,102.39,101.33,91.51
Spain,80+,2022-08-05,102.39,101.33,91.52
Spain,80+,2022-08-12,102.39,101.33,91.53
Spain,80+,2022-08-19,102.39,101.33,91.53
Spain,80+,2022-08-26,102.39,101.33,91.54
Spain,80+,2022-09-02,102.39,101.33,91.54
Spain,80+,2022-09-09,102.39,101.33,91.55
Spain,80+,2022-09-16,102.39,101.33,91.55
Spain,80+,2022-09-23,102.39,101.33,91.56
Spain,80+,2022-09-30,102.39,101.34,91.66
Spain,80+,2022-10-07,102.39,101.34,91.82
Spain,80+,2022-10-14,102.4,101.34,91.96
Spain,80+,2022-10-21,102.4,101.34,92.18
Spain,80+,2022-10-28,102.4,101.34,92.37
Spain,80+,2022-11-04,102.4,101.34,92.47
Spain,80+,2022-11-11,102.4,101.34,92.57
Spain,80+,2022-11-18,102.4,101.34,92.64
Spain,80+,2022-11-25,102.4,101.34,92.7
Spain,80+,2022-12-02,102.4,101.34,92.74
Spain,80+,2022-12-09,102.4,101.34,92.75
Spain,80+,2022-12-16,102.4,101.34,92.77
Spain,80+,2022-12-23,102.4,101.34,92.79
Spain,80+,2022-12-30,102.4,101.34,92.8
Spain,80+,2023-01-06,102.4,101.34,92.81
Spain,80+,2023-01-13,102.4,101.34,92.82
Spain,80+,2023-01-20,102.4,101.34,92.84
Spain,80+,2023-01-27,102.4,101.35,92.85
Spain,80+,2023-02-03,102.4,101.35,92.85
Spain,80+,2023-02-10,102.4,101.35,92.86
Spain,80+,2023-02-17,102.41,101.35,92.87
Spain,80+,2023-02-24,102.41,101.35,92.87
Spain,80+,2023-03-03,102.41,101.35,92.87
Spain,80+,2023-03-10,102.41,101.35,92.87
Spain,80+,2023-03-17,102.41,101.35,92.88
Spain,80+,2023-03-24,102.41,101.35,92.88
Spain,80+,2023-03-31,102.41,101.35,92.88
Spain,80+,2023-04-07,102.41,101.35,92.88
Spain,80+,2023-04-14,102.41,101.35,92.89
Spain,80+,2023-04-21,102.41,101.35,92.89
Spain,80+,2023-04-28,102.41,101.35,92.89
Spain,80+,2023-05-05,102.41,101.35,92.89
Spain,80+,2023-05-12,102.41,101.35,92.89
Spain,80+,2023-05-19,102.41,101.35,92.89
Spain,80+,2023-05-26,102.41,101.35,92.89
Spain,80+,2023-06-02,102.41,101.35,92.89
Spain,80+,2023-06-09,102.41,101.35,92.89
Spain,80+,2023-06-16,102.41,101.35,92.89
Spain,80+,2023-06-23,102.41,101.35,92.89
Spain,80+,2023-06-30,102.41,101.35,92.89
Spain,80+,2023-07-07,102.41,101.35,92.9
Spain,80+,2023-07-14,102.41,101.35,92.9
Spain,80+,2023-07-21,102.41,101.35,92.9
Spain,80+,2023-07-28,102.41,101.35,92.9
Spain,80+,2023-08-04,102.41,101.35,92.9
Spain,80+,2023-08-11,102.41,101.35,92.9
Spain,80+,2023-08-18,102.41,101.35,92.9
Spain,80+,2023-08-25,102.41,101.35,92.9
Spain,80+,2023-09-01,102.41,101.35,92.9
Spain,80+,2023-09-08,102.41,101.35,92.9
Spain,80+,2023-09-15,102.41,101.35,92.9
Spain,80+,2023-09-22,102.41,101.35,92.9
Spain,80+,2023-09-29,102.41,101.35,92.9
